Tombo;Localidade;cantr;asup;ainf;sup;inf;supra;dor;fqui;qui;tub;ocel;ocef;ftub;vem;men;lam;fven;fem;lama;clo;ane;nas;supn;front;ftim;ptim;odor;omem;anec
42411;Almas;8;16;9;10;10;15;212;6;4;42;10;4;14;20;6;12;73;18;15;7;14;0;1;1;2;0;0;1;0
42420;Almas;8;18;10;12;10;16;213;5;4;34;9;3;13;20;6;12;72;18;14;5;13;0;1;0;2;0;0;1;0
42426;Almas;8;16;10;12;10;16;239;3;2;42;12;3;14;21;7;14;69;17;15;9;13;0;1;0;2;0;0;1;0
42418;Almas;8;16;10;12;10;16;232;9;4;41;7;2;14;21;4;13;78;20;15;6;11;0;1;1;2;0;0;2;0
42414;Almas;8;14;10;12;10;17;218;6;4;41;12;5;14;19;5;11;68;20;15;5;10;0;1;1;2;0;0;1;0
42421;Almas;8;17;10;12;10;16;195;7;4;39;8;2;14;19;5;11;71;18;14;9;11;0;1;1;2;0;0;1;0
42417;Almas;8;15;9;13;11;15;226;7;4;41;10;3;14;22;5;13;71;21;14;10;12;0;2;0;2;0;0;1;0
42423;Almas;8;18;11;14;10;16;196;6;5;38;11;5;14;20;5;12;75;20;13;7;11;0;1;1;2;0;0;0;0
42422;Almas;7;16;11;13;10;16;214;6;5;38;12;5;14;20;7;12;65;19;15;7;14;0;1;1;2;0;0;1;0
42419;Almas;8;16;10;12;10;16;198;6;4;41;12;3;14;19;6;13;68;20;15;4;13;0;1;1;2;0;0;1;0
42416;Almas;8;17;10;12;9;16;205;5;4;34;11;5;14;21;6;14;82;20;14;9;6;0;1;1;2;0;0;0;0
42412;Almas;8;17;10;12;10;17;217;6;4;37;12;5;14;20;5;12;77;20;15;12;12;0;1;0;2;0;0;0;0
42425;Almas;7;17;10;12;10;15;198;6;4;40;9;2;14;20;5;11;83;20;15;6;12;0;1;1;0;0;0;2;0
42413;Almas;8;17;10;12;10;15;221;7;4;34;11;6;14;21;7;12;77;20;14;9;11;0;1;1;2;0;0;0;0
42415;Almas;8;16;11;13;10;16;195;4;3;35;11;5;14;21;6;12;82;19;15;7;10;0;1;1;2;0;0;0;0
42424;Almas;7;18;10;12;10;15;220;6;3;36;11;5;14;21;8;12;73;21;16;6;10;0;1;0;2;0;0;0;0
12436;AltoParaiso;7;14;10;10;9;12;281;1;0;35;13;4;14;22;3;12;97;21;16;2;13;0;2;0;2;0;0;1;0
403;AltoParaiso;9;18;11;13;10;15;305;1;0;23;9;2;12;22;4;15;97;19;17;7;11;0;1;0;2;1;0;1;0
402;AltoParaiso;7;17;11;12;10;13;196;5;4;38;8;2;14;22;3;12;67;20;15;6;10;0;1;1;2;0;0;1;0
407;AltoParaiso;9;17;11;13;10;16;297;1;0;25;8;2;12;22;4;13;101;21;17;7;12;0;1;1;2;0;0;2;0
410;AltoParaiso;9;16;10;13;10;15;273;1;0;24;9;5;12;21;3;14;92;21;17;5;12;0;1;0;0;0;0;0;0
413;AltoParaiso;8;14;13;13;10;14;281;4;4;32;12;4;12;21;5;13;90;20;14;7;17;0;2;0;2;0;0;0;0
408;AltoParaiso;10;17;12;14;10;14;286;3;3;28;10;4;12;21;3;14;93;20;16;6;11;0;1;1;0;0;0;1;0
401;AltoParaiso;9;16;12;12;10;16;282;1;0;31;7;4;11;21;7;13;91;20;15;9;12;0;1;1;0;0;0;1;0
404;AltoParaiso;9;14;11;14;10;15;290;3;2;26;9;4;12;22;5;12;94;21;16;9;12;0;1;1;2;0;0;0;0
411;AltoParaiso;10;18;12;12;11;14;304;5;3;23;8;4;12;22;4;15;100;22;18;5;12;0;1;1;0;0;0;0;0
406;AltoParaiso;8;17;11;12;10;18;305;3;2;32;11;4;12;21;4;13;84;22;15;5;13;0;1;1;2;0;0;0;0
12435;AltoParaiso;7;15;11;10;10;16;285;2;0;36;12;4;12;22;1;12;81;19;15;7;11;0;1;1;2;0;0;1;0
400;AltoParaiso;10;16;12;12;10;14;267;1;0;27;8;3;12;21;3;14;93;20;16;7;11;0;1;1;0;0;0;1;0
409;AltoParaiso;10;17;10;13;10;17;297;5;4;27;9;4;12;21;6;14;87;20;16;7;12;0;1;1;2;0;0;1;0
17522;AltoParaiso;9;14;11;10;10;16;259;3;5;17;8;5;12;20;3;12;92;20;16;7;11;0;1;1;2;1;0;1;0
12434;AltoParaiso;9;13;12;11;11;15;269;1;0;23;8;3;12;22;3;13;93;22;15;6;13;0;1;0;0;0;0;1;0
405;AltoParaiso;9;16;11;13;10;16;266;4;4;23;9;5;12;20;5;12;93;21;17;6;16;0;1;0;0;0;0;0;0
17521;AltoParaiso;9;14;11;13;10;14;259;0;0;16;9;5;12;21;4;11;88;21;15;8;12;0;1;1;2;1;0;0;0
414;AltoParaiso;10;17;12;12;10;16;286;1;0;28;8;5;12;21;4;14;94;22;15;8;12;0;1;0;2;0;0;0;0
415;AltoParaiso;9;17;9;14;12;16;148;4;3;27;6;5;12;21;3;13;69;22;15;5;16;0;1;1;2;0;0;0;0
416;AltoParaiso;10;17;12;14;10;15;282;3;3;35;10;3;11;20;6;14;91;20;16;8;11;0;1;0;2;1;0;1;0
412;AltoParaiso;9;17;11;14;11;16;259;6;3;37;10;3;14;22;6;13;87;20;16;7;10;0;1;1;2;0;0;0;0
417;AltoParaiso;9;15;8;12;10;14;265;1;0;20;10;4;12;22;4;14;85;20;16;7;11;0;1;1;2;1;0;0;0
93075;AltoParnaiba;7;16;13;11;10;13;176;7;4;37;9;2;14;16;5;12;57;21;14;4;10;0;1;1;2;0;0;0;0
78736;BarradoGarcas;7;16;12;12;10;14;213;6;3;36;8;4;14;19;6;13;72;21;15;6;17;1;1;1;2;0;0;0;0
78735;BarradoGarcas;7;14;11;12;10;13;177;6;4;31;8;4;14;19;4;11;49;20;16;5;12;1;1;1;2;0;0;1;0
78732;BarradoGarcas;8;16;8;12;9;13;165;4;4;31;6;3;13;17;5;12;60;21;16;4;12;0;1;0;2;0;0;1;0
78733;BarradoGarcas;7;14;10;14;10;13;162;4;3;23;6;3;14;18;3;12;66;19;16;5;12;0;1;1;2;0;0;1;0
78738;BarradoGarcas;8;15;10;12;8;13;170;9;4;38;9;3;14;21;4;11;68;22;16;6;12;0;1;0;2;0;0;1;0
78737;BarradoGarcas;7;15;9;11;10;13;193;6;4;29;10;5;13;21;6;14;61;21;16;6;13;0;1;0;0;0;0;0;0
78734;BarradoGarcas;8;16;10;12;10;13;178;6;5;31;9;5;14;19;4;12;63;19;14;6;12;1;1;0;0;0;0;1;0
4020;BarraRioSaoDomingos;7;17;12;14;10;14;166;8;4;38;8;3;15;22;5;13;62;19;17;7;18;1;2;0;2;0;0;0;0
4030;BarraRioSaoDomingos;8;17;11;12;10;15;147;7;4;29;8;3;16;19;3;12;59;22;16;6;17;1;2;0;2;0;0;2;0
4021;BarraRioSaoDomingos;8;16;12;13;10;15;162;7;3;37;7;4;14;21;6;13;67;21;16;5;17;0;1;1;2;0;0;1;0
4007;BarraRioSaoDomingos;8;15;12;14;11;15;187;8;4;36;8;2;14;21;3;14;66;23;16;5;12;1;1;1;0;0;0;1;0
4033;BarraRioSaoDomingos;7;14;10;12;10;15;238;4;3;32;9;2;14;20;7;14;87;20;17;7;16;1;2;0;2;0;0;2;0
4026;BarraRioSaoDomingos;8;18;12;12;12;14;176;7;4;37;8;5;14;18;3;15;74;22;13;8;12;0;2;0;2;1;0;0;0
4015;BarraRioSaoDomingos;7;18;12;12;10;13;181;7;4;35;8;3;14;20;5;14;77;22;16;5;10;1;1;1;0;0;0;1;0
4013;BarraRioSaoDomingos;8;15;11;12;10;14;169;6;4;35;9;4;15;20;8;12;69;22;15;7;15;0;1;1;0;0;0;0;0
4017;BarraRioSaoDomingos;9;18;11;12;10;13;239;7;4;34;9;3;14;21;2;14;68;21;15;6;12;0;2;1;2;1;0;0;0
4019;BarraRioSaoDomingos;8;18;12;14;10;13;178;6;3;36;9;2;14;19;4;14;67;21;16;5;13;0;2;0;0;0;0;0;0
4032;BarraRioSaoDomingos;8;16;11;12;10;16;188;6;3;35;11;3;13;21;7;13;74;22;17;7;17;1;1;1;0;0;0;0;0
4008;BarraRioSaoDomingos;8;17;10;12;10;15;201;10;7;42;7;3;14;19;7;14;66;23;12;10;13;1;1;1;2;0;0;1;0
4006;BarraRioSaoDomingos;8;18;10;12;10;13;166;6;5;36;9;3;13;19;8;12;62;23;16;8;12;0;1;0;2;0;0;0;0
4018;BarraRioSaoDomingos;8;18;13;14;12;16;181;7;3;35;9;3;14;20;3;14;68;19;16;4;14;0;2;0;0;0;0;0;0
4031;BarraRioSaoDomingos;7;16;11;12;11;13;163;7;4;36;8;3;16;18;4;13;58;21;16;6;13;0;1;1;2;0;0;0;0
4025;BarraRioSaoDomingos;8;15;11;13;10;13;152;7;3;34;8;4;13;21;8;14;66;20;16;6;12;0;1;0;2;0;0;0;0
4016;BarraRioSaoDomingos;8;15;11;12;10;14;159;4;2;35;7;2;14;18;3;14;69;16;16;7;13;0;2;0;0;1;0;0;0
4029;BarraRioSaoDomingos;8;16;12;12;10;14;172;7;3;26;10;5;14;19;3;13;54;17;13;5;11;0;1;1;2;0;0;0;0
4009;BarraRioSaoDomingos;9;16;11;13;11;15;236;6;7;36;9;4;14;21;3;12;62;21;16;7;13;0;1;1;0;0;0;0;0
4010;BarraRioSaoDomingos;7;18;11;14;12;13;162;6;3;33;9;5;15;19;4;14;56;22;16;5;11;1;1;1;0;0;0;0;0
4014;BarraRioSaoDomingos;8;16;12;12;11;14;166;7;3;36;9;4;12;21;7;12;64;21;15;5;10;0;1;0;2;0;0;0;0
4022;BarraRioSaoDomingos;8;16;12;13;10;15;154;7;4;37;8;2;12;21;6;13;69;20;16;6;11;1;1;1;2;0;0;1;0
4011;BarraRioSaoDomingos;8;15;12;13;12;14;159;8;5;31;9;3;14;21;4;13;63;19;15;6;15;1;2;0;0;0;0;0;0
4028;BarraRioSaoDomingos;8;16;11;14;10;14;159;7;3;38;9;5;14;19;4;14;72;24;16;5;17;0;1;0;2;0;0;0;0
4027;BarraRioSaoDomingos;7;15;11;12;10;14;162;5;4;38;9;4;14;21;7;14;70;21;16;6;13;0;1;0;0;1;0;0;0
4012;BarraRioSaoDomingos;7;16;12;13;12;13;181;4;2;32;6;3;14;20;3;13;67;23;18;6;13;1;2;1;0;0;0;0;0
37296;BomJesusTocantins;8;16;10;11;10;14;205;6;4;34;15;3;14;20;4;12;69;19;14;5;12;0;1;1;2;0;0;0;0
67156;Buritis;8;16;13;12;10;13;166;9;4;38;8;2;12;20;4;12;63;19;14;6;11;1;1;1;2;0;0;1;0
67155;Buritis;8;16;11;12;10;13;159;6;3;33;7;2;12;18;6;13;61;18;15;5;12;1;2;0;2;0;0;1;0
4004;CanaBrava;8;15;9;13;11;12;151;6;4;37;9;4;14;19;3;15;62;22;14;7;13;0;2;0;2;0;0;0;0
4000;CanaBrava;7;14;9;12;10;12;161;6;4;35;8;2;14;17;3;12;56;21;15;6;12;0;1;1;2;0;0;0;0
4003;CanaBrava;8;16;11;13;12;13;161;6;4;31;10;2;14;17;5;11;56;21;16;4;11;0;2;0;0;0;0;0;0
4002;CanaBrava;7;16;11;12;11;12;176;7;5;38;10;4;14;16;2;13;67;18;16;4;15;1;1;1;2;0;0;0;0
4001;CanaBrava;6;15;12;13;10;12;159;5;4;33;8;2;15;18;4;14;65;21;17;4;14;0;1;1;0;0;0;1;0
4005;CanaBrava;7;16;10;13;12;12;169;6;4;32;8;2;15;20;5;16;69;22;17;4;13;1;2;0;0;0;0;0;0
52007;Carolina;7;15;10;10;10;13;230;4;4;42;11;3;14;16;5;11;66;21;15;5;13;1;1;1;2;0;0;1;0
52008;Carolina;9;15;11;10;10;13;206;5;3;34;8;4;14;20;5;11;68;21;16;6;10;1;1;1;2;0;0;0;0
52006;Carolina;9;19;13;12;10;14;238;5;3;38;13;3;14;16;5;12;66;19;16;5;11;1;1;1;2;0;0;0;0
7116;Carolina;8;14;10;10;10;14;174;8;4;39;11;4;15;21;6;13;67;19;16;6;11;0;1;1;0;0;0;2;0
7115;Carolina;7;18;11;10;10;13;193;4;4;36;11;3;14;18;6;12;76;20;16;6;10;0;1;0;0;0;0;0;0
45316;Caseara;11;14;10;12;10;16;286;5;3;43;10;4;16;24;6;12;88;18;14;8;15;0;1;1;2;0;0;0;0
45304;Caseara;11;16;12;12;10;16;304;1;0;38;10;3;14;25;6;11;97;17;14;7;13;0;1;1;2;0;0;0;0
45322;Caseara;10;15;12;10;8;14;261;2;0;45;9;5;14;24;6;11;87;20;14;6;12;0;1;1;2;0;0;0;0
45328;Caseara;9;15;10;10;9;14;255;4;4;37;10;3;16;19;6;11;74;22;14;7;12;0;1;1;0;0;0;0;0
45319;Caseara;9;14;10;10;8;15;236;6;4;44;10;3;16;20;6;12;85;19;13;6;12;0;1;1;2;0;0;1;0
45334;Caseara;8;14;10;11;8;15;253;4;3;37;8;4;14;22;6;11;92;18;15;6;17;0;0;1;2;0;0;1;0
45326;Caseara;11;15;10;10;8;16;260;3;4;40;9;3;14;21;6;12;82;19;15;8;10;0;1;1;0;0;0;0;0
45318;Caseara;9;15;10;13;10;14;292;7;4;48;10;2;15;22;6;12;94;19;14;5;13;0;1;1;2;0;0;1;0
45330;Caseara;9;14;9;10;8;14;256;2;0;41;9;3;16;25;7;10;100;20;13;8;0;0;1;0;2;0;0;1;1
45335;Caseara;10;15;10;10;9;14;237;2;0;44;10;3;14;24;6;11;95;20;14;5;15;0;1;1;0;0;0;0;0
45333;Caseara;9;15;9;11;8;13;276;3;0;44;10;3;14;22;6;12;93;20;14;8;11;0;1;1;2;0;0;0;0
45302;Caseara;10;16;12;12;10;13;256;5;3;40;12;4;14;23;6;11;86;19;14;6;11;0;1;0;2;0;0;1;0
45314;Caseara;9;16;10;11;8;12;247;2;0;41;10;4;14;23;7;11;84;20;13;5;12;0;1;0;2;0;0;0;0
45309;Caseara;9;13;9;10;9;14;244;1;0;39;9;3;14;22;6;10;95;19;12;5;12;0;0;1;2;0;0;0;0
45305;Caseara;10;14;9;11;8;13;236;3;3;29;8;4;14;21;5;11;87;21;13;5;13;0;1;1;2;0;0;1;0
45306;Caseara;10;14;9;10;8;15;244;4;3;39;9;2;14;22;6;11;86;19;13;8;12;0;1;1;2;0;0;0;0
45331;Caseara;8;14;10;11;9;13;245;3;3;44;9;4;14;25;5;13;86;20;14;6;15;0;1;0;2;0;0;1;0
45324;Caseara;9;14;9;10;8;14;241;6;4;40;11;4;14;22;6;12;84;19;15;7;12;0;1;0;2;0;0;0;0
45317;Caseara;9;14;10;10;8;13;265;2;0;42;11;3;15;23;7;12;80;19;14;5;12;0;1;1;0;1;0;0;0
45327;Caseara;10;14;10;12;10;16;245;4;4;40;11;4;15;22;7;12;78;20;13;7;11;0;1;1;0;0;0;0;0
45332;Caseara;9;14;10;10;8;14;253;5;2;37;10;5;14;20;6;10;84;19;14;6;12;0;1;0;2;1;0;0;0
45321;Caseara;9;14;10;12;10;16;266;4;4;43;11;3;16;21;7;11;82;18;14;6;12;0;1;1;0;0;0;1;0
45311;Caseara;9;13;10;12;9;15;240;7;4;42;8;2;14;20;7;12;65;19;14;7;12;0;1;1;0;0;0;1;0
45310;Caseara;9;14;11;10;8;14;246;4;3;40;9;3;14;22;6;11;83;20;14;5;14;0;1;1;2;0;0;0;0
45307;Caseara;10;13;11;10;8;15;268;5;3;41;10;2;14;21;6;11;82;19;13;7;10;0;1;1;2;0;0;1;0
45313;Caseara;9;13;11;12;10;15;257;7;5;40;9;2;14;20;6;11;86;20;14;5;10;0;1;1;2;0;0;1;0
45336;Caseara;9;13;9;12;10;14;268;4;3;42;9;2;14;20;6;11;76;19;13;5;13;0;1;1;2;0;0;0;0
45323;Caseara;10;11;10;10;8;13;250;7;4;47;11;2;14;23;6;13;84;20;14;8;10;0;1;1;2;0;0;0;0
45329;Caseara;9;15;12;12;10;15;232;4;4;43;11;3;14;22;8;13;82;18;14;8;13;0;1;0;2;1;0;1;0
45325;Caseara;9;14;10;12;8;14;238;3;4;51;12;5;16;23;7;12;89;22;14;7;18;0;1;1;2;0;0;0;0
45312;Caseara;8;15;11;11;8;11;241;2;0;38;10;5;14;22;7;10;93;20;13;7;12;0;1;0;2;1;0;0;0
45315;Caseara;9;15;13;10;9;14;245;4;3;39;9;4;14;20;7;10;87;21;14;7;12;0;1;1;2;0;0;0;0
45320;Caseara;9;15;9;12;8;14;266;4;3;38;11;2;14;21;8;11;89;21;13;8;16;0;1;1;2;0;0;0;0
45308;Caseara;9;13;11;10;9;13;273;4;4;40;8;5;14;21;6;12;82;21;13;9;11;0;1;1;2;0;0;0;0
45303;Caseara;8;14;11;11;8;13;178;4;3;42;10;5;14;20;7;10;72;19;13;7;16;1;1;0;2;1;0;0;0
53291;Cavalcante;7;17;11;12;10;15;197;6;4;44;10;4;14;18;5;12;67;18;14;4;10;0;1;0;0;0;0;0;0
53292;Cavalcante;8;13;9;10;10;16;194;8;5;43;12;5;14;18;7;12;76;19;16;6;13;0;1;1;2;1;0;0;0
53293;Cavalcante;7;14;10;10;10;15;193;6;5;44;14;4;14;16;5;12;71;19;13;5;15;0;1;0;2;0;0;0;0
53294;Cavalcante;8;16;10;10;9;15;186;7;4;44;12;5;14;19;7;13;76;20;15;4;18;1;2;1;2;1;0;0;0
53290;Cavalcante;7;16;9;10;8;15;193;8;4;38;11;5;13;19;6;12;72;20;16;5;8;0;1;0;0;0;0;0;0
83033;Cocalinho;7;13;9;11;10;16;175;6;3;40;7;2;15;20;4;12;70;20;15;6;12;1;1;1;2;0;0;2;0
36309;Cocalzinho;8;15;11;11;10;13;198;4;3;37;10;3;13;20;7;12;75;19;14;6;14;1;2;0;2;0;0;0;0
38646;Cocalzinho;7;19;11;12;10;15;245;5;4;36;10;4;13;20;3;12;71;22;16;6;12;0;2;0;0;0;0;0;0
38645;Cocalzinho;8;16;13;12;10;13;219;7;4;36;11;3;14;19;5;12;70;19;17;4;12;1;2;0;0;0;0;0;0
44708;ColinasdoSul;8;15;10;12;10;13;227;4;3;33;10;2;13;21;6;12;77;21;16;6;12;0;1;0;0;0;0;1;0
50402;ColinasdoSul;9;15;8;12;10;13;213;4;3;31;9;4;14;19;5;11;69;19;15;6;12;1;1;1;0;0;0;1;0
44698;ColinasdoSul;8;15;10;12;10;14;196;4;3;30;10;3;13;20;6;12;58;18;17;5;15;0;1;1;0;0;0;0;0
44704;ColinasdoSul;7;16;11;12;10;14;229;3;3;34;10;2;13;17;4;12;61;21;15;6;10;0;1;1;0;0;0;0;0
48337;ColinasdoSul;7;17;8;12;10;13;215;7;4;32;9;4;14;19;6;12;63;20;17;5;15;0;1;1;0;0;0;0;0
866;Coribe;7;16;8;12;10;13;194;4;4;27;9;2;13;20;3;13;68;20;17;6;16;0;2;0;0;0;0;0;0
33562;Dianopolis;7;17;11;11;9;13;198;7;3;42;8;3;14;16;5;13;57;20;15;5;12;1;1;0;0;0;0;1;0
1309;Estreito;7;14;10;10;10;14;169;7;5;41;9;5;14;18;5;12;51;19;20;7;13;1;1;1;0;0;0;0;0
2080;Estreito;7;14;10;12;10;14;189;7;4;36;7;5;14;22;7;12;49;21;15;7;11;1;1;1;0;0;0;1;0
1293;Estreito;7;15;12;10;9;16;176;6;3;35;11;4;14;20;5;11;65;20;14;6;13;1;1;1;0;0;0;0;0
1808;Estreito;8;15;10;12;10;15;159;7;4;44;10;3;14;20;5;12;69;21;13;8;12;1;1;0;0;0;0;1;0
1410;Estreito;7;14;10;12;10;14;169;6;4;39;10;5;14;19;4;12;56;21;15;6;12;1;2;1;0;0;0;0;0
1759;Estreito;8;14;10;12;10;14;162;7;5;42;8;4;14;21;4;13;64;21;15;7;13;1;2;0;0;0;0;0;0
1699;Estreito;7;16;12;10;12;16;196;6;4;35;9;4;14;18;3;10;67;18;16;5;11;1;1;0;2;0;0;1;0
642;Estreito;7;13;11;11;10;11;166;8;4;39;10;5;14;18;5;11;60;20;15;7;13;1;1;0;0;0;0;0;0
1037;Estreito;7;15;11;10;9;11;170;6;5;33;11;5;14;17;5;10;60;19;15;7;13;0;1;1;2;0;0;0;0
1092;Estreito;8;15;10;11;10;12;188;7;5;41;12;4;15;19;3;12;69;23;15;7;12;1;1;1;2;0;0;0;0
1069;Estreito;7;15;12;12;10;12;179;7;4;38;9;4;14;19;5;10;66;21;14;5;12;1;1;1;2;0;0;0;0
1038;Estreito;8;16;12;12;10;14;196;7;4;39;12;4;14;19;5;10;59;20;13;5;11;1;1;0;2;0;0;1;0
99;Estreito - CGERV?;6;15;9;12;10;13;148;5;3;40;7;4;12;18;3;13;61;19;16;7;15;0;1;1;0;0;0;1;0
13;Estreito - CGERV?;7;16;11;13;12;13;162;7;4;44;6;2;12;21;3;13;60;21;19;6;13;1;2;1;2;0;0;2;0
102;Estreito - CGERV?;6;17;11;12;10;15;181;8;5;43;7;3;14;22;3;13;60;19;16;7;6;1;1;0;2;1;0;2;0
75;Estreito - CGERV?;7;18;11;12;10;15;159;7;4;44;8;4;12;21;3;13;63;20;15;7;11;1;1;1;0;1;0;0;0
25;Estreito - CGERV?;8;16;9;12;10;15;184;5;4;45;8;3;12;17;3;13;83;24;17;7;10;1;1;0;2;1;0;1;0
53;Estreito - CGERV?;7;16;10;13;10;14;164;7;5;44;10;3;13;19;5;16;67;21;18;8;15;1;0;0;2;0;0;0;0
50831;Guarai;7;17;11;12;10;13;230;8;4;39;8;2;15;20;3;12;74;20;14;5;12;1;1;0;2;0;0;2;0
57017;Gurupi;7;16;9;12;10;14;172;6;3;45;11;5;14;20;5;11;65;17;14;6;10;0;1;1;0;0;0;0;0
91187;Ipueiras;7;16;10;11;10;15;164;4;3;39;8;4;14;18;7;12;54;18;17;6;17;0;1;1;0;0;0;0;0
91185;Ipueiras;8;15;9;12;8;12;160;7;4;36;9;4;14;20;9;12;48;20;15;6;13;1;2;0;2;0;0;1;0
91184;Ipueiras;7;16;10;12;10;13;185;6;4;36;10;5;13;16;6;12;67;21;16;6;16;0;1;1;2;0;0;0;0
91183;Ipueiras;6;15;11;12;9;13;178;8;5;38;9;2;14;18;6;12;52;21;14;4;13;1;1;0;2;0;0;1;0
91186;Ipueiras;7;17;11;12;10;13;178;6;5;36;8;3;14;19;7;12;49;20;15;6;14;0;1;1;0;0;0;1;0
148;Januaria(Peruacu);7;17;10;13;12;14;185;9;4;29;8;3;13;19;3;13;64;22;16;6;11;0;2;0;0;0;0;0;0
134;Januaria(Peruacu);7;16;11;13;12;14;176;6;4;26;9;5;14;17;2;13;70;20;16;5;12;0;1;1;0;0;0;0;0
299;Januaria(Peruacu);8;15;11;14;12;14;165;7;6;28;9;4;14;18;3;13;61;20;15;6;12;0;2;0;0;0;0;0;0
223;Januaria(Peruacu);7;15;12;13;13;14;171;7;6;27;7;3;13;16;3;14;59;21;18;6;14;0;2;0;2;0;0;0;0
133;Januaria(Peruacu);7;15;11;14;12;13;164;8;4;32;9;4;14;21;2;12;73;21;17;5;11;0;2;0;2;0;0;0;0
293;Januaria(Peruacu);7;16;10;13;12;13;166;8;4;26;10;4;13;16;3;15;68;18;19;6;11;0;2;1;2;0;0;0;0
266;Januaria(Peruacu);7;16;10;13;12;12;160;6;4;26;10;2;14;19;3;16;64;21;19;5;11;0;2;0;2;0;0;0;0
260;Januaria(Peruacu);7;16;10;14;11;13;166;4;4;26;8;4;14;16;3;14;54;18;18;5;12;0;1;1;2;0;0;0;0
204;Januaria(Peruacu);7;16;10;13;11;13;159;5;4;27;8;5;12;18;3;15;67;22;18;7;17;0;2;1;2;0;0;0;0
205;Januaria(Peruacu);7;16;11;14;12;13;159;7;5;28;8;4;13;18;4;14;66;20;17;6;14;0;2;0;0;0;0;0;0
217;Januaria(Peruacu);8;17;10;13;12;14;171;10;5;27;7;5;12;16;3;15;58;19;19;4;8;0;2;0;0;0;0;0;0
263;Januaria(Peruacu);7;16;9;13;12;13;166;8;5;28;10;4;12;17;2;14;59;19;18;6;10;0;2;0;0;0;0;0;0
95885;Lajeado(UHE Luis);7;16;14;12;10;14;186;7;3;35;10;2;14;18;6;11;70;19;14;5;10;1;1;0;0;0;0;1;0
95891;Lajeado(UHE Luis);7;15;11;12;10;14;176;6;2;39;10;4;14;20;8;12;61;21;14;7;14;1;1;1;0;0;0;0;0
95887;Lajeado(UHE Luis);8;16;11;12;10;13;181;6;3;41;9;3;14;20;7;11;63;20;13;5;11;1;1;1;0;0;0;0;0
95892;Lajeado(UHE Luis);8;15;10;14;11;15;182;7;4;43;11;4;14;19;6;12;71;19;15;6;12;1;2;0;2;0;0;1;0
95886;Lajeado(UHE Luis);7;15;12;12;10;14;190;6;4;39;8;4;13;17;4;13;72;20;14;5;10;1;1;0;2;0;0;1;0
95883;Lajeado(UHE Luis);7;14;11;12;10;15;166;7;5;42;11;5;14;19;6;11;61;21;13;6;14;1;2;0;0;0;0;1;0
95880;Lajeado(UHE Luis);8;14;10;9;8;14;166;5;4;38;8;5;14;19;6;11;54;20;15;7;14;1;1;1;2;0;0;1;0
95890;Lajeado(UHE Luis);7;15;10;6;10;15;192;6;4;41;12;7;14;20;6;12;65;22;14;7;14;1;1;1;2;0;0;0;0
95881;Lajeado(UHE Luis);7;15;11;12;9;14;182;6;4;36;10;4;14;19;5;12;70;19;13;6;11;1;1;1;2;0;0;1;0
95877;Lajeado(UHE Luis);9;17;11;13;10;16;176;4;3;35;10;4;14;21;6;12;73;19;13;7;12;1;1;1;2;0;0;0;0
95879;Lajeado(UHE Luis);7;14;10;10;10;13;157;5;4;39;11;4;14;18;6;11;67;19;15;6;12;0;1;0;0;0;0;1;0
95889;Lajeado(UHE Luis);8;16;10;12;10;14;152;7;4;36;12;4;13;19;6;11;56;19;6;4;0;1;1;2;0;0;0;0;0
95876;Lajeado(UHE Luis);7;15;11;13;8;14;170;4;4;34;12;4;14;20;7;12;68;19;15;7;14;1;1;1;2;0;0;0;0
95878;Lajeado(UHE Luis);7;14;11;11;11;15;176;9;4;39;12;4;14;17;6;12;63;21;15;6;15;1;1;1;0;0;0;0;0
95888;Lajeado(UHE Luis);7;15;11;11;10;14;153;8;4;32;10;4;14;19;6;12;56;17;15;5;16;1;1;0;2;0;0;0;0
95884;Lajeado(UHE Luis);8;15;11;13;10;14;163;7;4;34;10;4;14;18;7;12;67;20;16;7;10;1;1;1;0;0;0;1;0
95882;Lajeado(UHE Luis);8;15;10;12;10;15;173;6;4;37;8;4;13;19;5;13;70;21;16;6;12;1;1;1;2;0;0;1;0
96129;Lajeado(UHE Luis);7;15;9;12;8;14;181;7;7;44;11;4;14;19;10;12;62;19;14;15;12;1;1;1;2;0;0;1;0
96140;Lajeado(UHE Luis);9;16;10;12;8;15;179;3;3;29;10;3;14;18;6;12;67;21;14;5;10;0;1;0;2;0;0;0;0
96139;Lajeado(UHE Luis);7;15;10;12;9;13;153;8;5;40;9;4;14;20;7;14;65;20;15;5;16;1;1;1;0;0;0;1;0
96131;Lajeado(UHE Luis);8;15;13;12;10;13;171;7;4;42;12;4;14;20;4;12;64;19;14;7;10;1;1;1;0;0;0;0;0
96133;Lajeado(UHE Luis);7;15;11;12;10;15;164;7;4;41;11;5;14;20;5;12;63;21;14;6;12;1;1;0;2;0;0;0;0
96134;Lajeado(UHE Luis);8;15;10;12;10;14;143;6;4;40;9;4;15;19;8;12;66;19;15;6;12;1;1;1;0;0;0;0;0
96128;Lajeado(UHE Luis);8;16;10;12;10;14;167;6;4;39;10;5;14;19;8;15;61;18;16;6;11;1;1;1;0;0;0;0;0
96130;Lajeado(UHE Luis);8;16;11;12;10;14;166;5;4;40;10;3;12;19;9;14;68;19;15;7;15;1;2;0;0;0;0;0;0
86127;Lajeado(UHE Luis);7;17;11;12;10;15;157;7;4;40;10;4;14;19;7;11;63;19;16;5;14;1;1;1;0;0;0;0;0
96141;Lajeado(UHE Luis);7;15;11;12;10;14;153;5;3;36;8;3;14;18;7;11;54;21;13;4;12;1;1;0;0;0;0;2;0
96138;Lajeado(UHE Luis);7;16;9;12;10;14;148;6;3;33;9;4;14;19;6;11;61;19;16;6;13;1;2;0;2;0;0;0;0
96136;Lajeado(UHE Luis);8;17;12;12;10;12;156;6;3;38;9;4;14;20;7;11;62;18;13;4;13;1;2;0;0;0;0;0;0
96132;Lajeado(UHE Luis);6;15;11;12;10;14;170;6;4;38;6;2;14;19;4;12;59;19;15;5;14;0;1;1;0;0;0;1;0
96135;Lajeado(UHE Luis);9;18;11;13;10;15;164;5;3;37;9;4;14;19;8;11;69;20;15;5;12;1;1;0;0;0;0;0;0
96137;Lajeado(UHE Luis);9;16;10;13;10;12;138;6;4;30;9;4;13;21;6;11;70;19;14;7;12;1;1;1;0;0;0;0;0
96126;Lajeado(UHE Luis);8;16;11;13;10;14;181;8;4;38;10;4;14;18;7;11;58;19;14;8;6;1;2;0;2;0;0;0;0
96124;Lajeado(UHE Luis);8;16;11;12;10;14;170;8;5;41;9;4;14;19;7;12;63;18;14;7;11;1;1;0;0;0;0;0;0
96114;Lajeado(UHE Luis);8;13;19;12;10;15;183;7;4;38;10;5;14;18;8;11;69;20;14;4;14;1;1;1;0;0;0;0;0
96117;Lajeado(UHE Luis);8;16;10;12;10;14;170;6;4;42;9;4;14;20;4;11;62;21;14;4;13;1;1;1;0;0;0;0;0
96115;Lajeado(UHE Luis);7;17;8;12;10;15;173;7;4;39;10;5;14;21;7;14;59;21;16;7;14;0;1;1;0;0;0;0;0
96121;Lajeado(UHE Luis);7;16;9;10;8;14;146;6;3;36;8;3;14;20;5;12;64;19;14;6;11;1;2;1;2;0;0;0;0
96118;Lajeado(UHE Luis);7;16;12;13;11;13;169;8;4;36;12;5;14;19;3;11;55;20;13;4;11;1;1;1;0;0;0;0;0
96125;Lajeado(UHE Luis);9;17;11;12;10;14;159;7;5;39;10;4;14;23;6;10;65;19;15;7;10;1;1;0;2;0;0;1;0
96116;Lajeado(UHE Luis);8;17;12;13;10;15;157;9;4;36;11;5;13;21;7;12;66;21;15;8;10;1;2;0;0;0;0;0;0
96123;Lajeado(UHE Luis);8;16;14;11;10;15;158;7;4;44;9;3;14;20;6;13;66;21;15;8;15;1;1;1;2;0;0;0;0
96122;Lajeado(UHE Luis);7;17;12;12;10;15;174;7;4;41;11;4;14;19;9;12;70;23;15;7;17;1;1;1;0;0;0;0;0
96142;Lajeado(UHE Luis);8;17;13;11;10;16;176;6;3;42;10;4;14;20;6;11;76;21;14;4;8;1;1;1;2;0;0;0;0
96119;Lajeado(UHE Luis);7;16;10;12;10;15;152;6;3;41;11;4;14;19;6;11;63;22;15;5;17;0;1;1;2;0;0;0;0
96120;Lajeado(UHE Luis);8;16;12;12;10;15;163;7;4;38;10;4;14;17;4;12;58;20;15;7;14;1;1;0;0;0;0;0;0
89822;Lajeado(UHE Luis);7;16;11;10;8;13;180;4;4;38;11;4;14;17;7;12;59;19;15;6;17;1;1;1;0;0;0;0;0
89816;Lajeado(UHE Luis);8;19;10;12;10;13;195;6;3;42;10;3;14;21;10;13;59;20;16;6;13;0;1;1;2;0;0;0;0
89815;Lajeado(UHE Luis);7;19;12;12;10;13;167;5;4;41;12;4;13;18;7;12;61;19;16;7;12;1;1;1;2;0;0;0;0
89820;Lajeado(UHE Luis);8;18;11;12;10;14;158;6;4;46;8;4;16;21;9;13;64;21;15;6;16;1;1;0;0;0;0;1;0
89821;Lajeado(UHE Luis);7;16;12;13;10;13;169;5;4;39;10;4;14;17;7;13;55;19;15;7;14;1;1;1;2;0;0;1;0
89817;Lajeado(UHE Luis);8;17;12;12;10;13;166;6;3;36;9;5;15;18;9;12;62;19;13;7;16;1;1;0;0;0;0;0;0
89819;Lajeado(UHE Luis);8;16;12;12;9;13;151;7;4;43;13;4;14;17;6;13;59;21;15;6;16;1;2;1;0;0;0;1;0
89818;Lajeado(UHE Luis);7;17;10;11;10;14;166;7;5;36;11;4;14;18;6;11;54;18;15;7;14;1;1;1;2;0;0;0;0
95872;Lajeado(UHE Luis);7;17;10;12;10;14;170;7;4;39;12;5;14;20;9;13;69;19;15;7;13;1;1;0;0;0;0;0;0
95871;Lajeado(UHE Luis);7;17;11;11;10;15;176;5;5;40;11;4;14;18;4;14;57;21;18;4;14;0;1;1;2;0;0;0;0
95873;Lajeado(UHE Luis);7;18;10;12;10;14;161;7;3;41;10;4;14;20;6;13;73;21;15;6;11;1;1;0;2;0;0;1;0
95875;Lajeado(UHE Luis);7;16;9;10;8;14;166;7;6;41;10;5;14;18;9;13;71;18;16;6;13;1;1;0;2;0;0;0;0
95870;Lajeado(UHE Luis);7;14;9;13;9;13;171;8;5;36;11;4;15;19;8;14;65;20;15;6;13;1;2;0;0;0;0;0;0
95874;Lajeado(UHE Luis);7;15;12;10;10;13;196;7;5;41;8;5;14;18;7;13;55;21;14;6;11;0;1;1;2;0;0;1;0
96435;Lajeado(UHE Luis);7;16;11;12;10;13;156;7;4;41;10;5;13;18;6;14;51;19;17;6;14;0;1;1;0;0;0;1;0
96431;Lajeado(UHE Luis);8;15;11;12;10;12;166;7;4;44;10;3;14;18;7;12;51;21;15;6;13;1;1;1;0;0;0;1;0
96433;Lajeado(UHE Luis);7;16;9;11;10;14;159;10;5;41;12;4;14;20;9;12;65;20;16;7;13;1;1;1;2;0;0;1;0
96434;Lajeado(UHE Luis);8;16;10;12;10;14;164;7;4;46;13;4;16;20;7;13;65;21;14;6;14;1;1;1;2;0;0;0;0
96432;Lajeado(UHE Luis);7;14;8;10;10;13;161;4;3;38;11;3;14;20;6;11;56;18;14;4;12;1;1;1;2;0;0;1;0
89907;Lajeado(UHE Luis);7;17;13;12;10;13;167;7;4;37;8;4;14;19;6;12;63;21;16;4;12;1;1;1;2;0;0;0;0
89398;Lajeado(UHE Luis);8;16;11;12;10;14;151;5;7;43;10;3;14;20;7;12;68;18;15;7;14;1;1;1;0;0;0;1;0
28214;Mateiros;9;15;11;12;10;15;253;7;5;37;9;3;14;18;7;11;76;21;16;5;13;0;1;1;2;0;0;1;0
28277;Mateiros;8;15;11;12;10;13;251;5;5;43;9;2;14;21;7;11;75;21;15;6;12;0;1;0;2;0;0;1;0
42356;Mateiros;8;15;11;11;8;15;268;7;4;41;10;3;14;21;5;12;84;20;17;6;12;0;1;1;0;0;0;0;0
28296;Mateiros;7;16;11;12;10;14;238;6;3;38;10;3;14;21;6;12;74;19;16;6;13;0;1;1;2;0;0;1;0
28211;Mateiros;7;15;11;13;10;15;238;6;3;39;10;2;14;21;6;11;75;19;14;6;14;0;1;0;0;0;0;1;0
28215;Mateiros;7;14;10;11;10;15;218;4;4;38;9;3;14;20;6;10;73;19;13;5;14;0;1;1;2;0;0;1;0
28247;Mateiros;8;16;11;10;9;15;239;7;4;28;7;3;14;20;6;12;69;20;16;7;11;0;0;1;0;0;0;1;0
42351;Mateiros;7;17;11;8;10;14;235;7;4;37;10;2;14;20;2;12;74;20;15;6;10;1;1;1;2;0;0;0;0
28259;Mateiros;7;15;10;12;10;16;243;5;3;36;7;2;14;20;5;11;71;21;15;8;0;1;1;0;0;0;0;1;1
28212;Mateiros;7;16;11;11;10;16;220;6;3;38;8;2;14;19;5;12;67;20;15;6;16;0;1;1;2;0;0;2;0
28235;Mateiros;8;15;11;12;10;15;253;7;3;38;9;2;14;20;6;12;74;18;15;6;16;0;1;1;2;0;0;1;0
28205;Mateiros;7;15;12;11;10;14;228;6;4;39;9;3;15;19;8;12;73;19;14;5;12;0;1;1;2;0;0;1;0
28216;Mateiros;8;14;10;11;10;16;250;7;4;40;9;2;14;20;6;11;76;20;15;5;10;0;1;0;2;0;0;1;0
28218;Mateiros;7;14;10;12;10;13;247;6;3;38;12;2;14;17;5;12;66;19;16;5;12;0;1;1;2;0;0;1;0
28209;Mateiros;8;15;12;10;9;14;236;7;3;40;10;3;14;20;6;12;78;20;15;5;10;1;1;1;2;0;0;1;0
28231;Mateiros;8;13;9;12;10;15;262;7;3;39;12;3;14;18;5;12;87;21;16;6;14;0;1;0;0;0;0;0;0
28258;Mateiros;9;16;12;12;10;14;225;7;3;41;11;4;14;19;7;11;67;19;15;5;11;0;1;0;2;0;0;0;0
28299;Mateiros;7;16;10;12;9;14;219;4;3;37;6;2;14;19;6;13;76;19;14;4;14;1;1;0;2;0;0;1;0
28257;Mateiros;8;16;10;12;10;16;245;7;6;40;10;4;14;19;7;12;72;20;16;5;14;1;1;1;2;0;0;0;0
28207;Mateiros;8;14;13;11;10;13;232;7;4;40;11;3;14;18;7;11;76;20;15;5;10;0;1;1;2;0;0;0;0
28284;Mateiros;9;14;13;12;10;15;235;7;4;39;10;4;14;20;3;12;69;20;15;7;12;1;1;1;2;0;0;0;0
28229;Mateiros;8;15;11;12;11;14;242;7;4;41;11;3;14;18;7;11;66;19;15;6;11;0;1;0;2;0;0;1;0
28251;Mateiros;8;15;10;12;10;14;253;4;4;37;11;4;14;20;7;11;76;18;14;5;16;0;2;0;0;0;0;0;0
28230;Mateiros;7;14;12;12;10;15;246;6;3;37;12;4;14;20;5;11;64;19;15;5;11;1;1;0;2;0;0;0;0
28223;Mateiros;8;14;10;11;10;14;235;6;3;40;11;3;14;18;2;12;77;20;15;6;12;0;1;1;2;0;0;1;0
28290;Mateiros;9;13;11;12;10;15;244;6;4;41;10;4;14;19;4;11;66;20;15;5;15;1;1;1;2;0;0;0;0
28294;Mateiros;8;13;11;12;10;14;235;7;4;36;12;4;14;20;7;12;65;19;15;5;15;0;1;0;0;0;0;1;0
28242;Mateiros;8;15;12;12;11;15;232;7;4;39;9;2;14;19;5;12;69;19;14;6;12;1;1;1;0;0;0;0;0
28237;Mateiros;7;13;9;10;10;15;226;7;4;39;9;2;14;20;7;12;63;21;16;6;14;0;1;0;2;0;0;1;0
28280;Mateiros;8;14;11;11;10;15;226;7;3;36;10;3;14;20;7;11;76;21;15;5;16;0;1;1;2;0;0;0;0
42355;Mateiros;7;15;10;11;10;16;225;4;2;37;9;3;14;20;4;12;76;20;16;5;14;0;1;1;2;0;0;0;0
28281;Mateiros;7;14;11;10;9;15;235;7;5;37;9;4;14;21;4;12;65;21;15;6;12;1;1;1;2;0;0;0;0
28221;Mateiros;7;15;9;12;10;15;248;7;4;41;10;2;14;20;5;12;66;20;15;6;15;1;1;1;0;0;0;1;0
28227;Mateiros;8;16;13;12;10;15;247;6;4;42;12;4;14;21;6;12;79;20;15;6;16;0;1;1;2;0;0;0;0
28283;Mateiros;7;16;10;12;10;15;245;7;4;37;9;4;14;19;6;12;73;21;15;6;15;0;1;1;2;0;0;0;0
28297;Mateiros;8;15;12;12;10;16;237;5;3;38;12;4;14;18;6;12;65;20;15;5;15;0;1;0;0;0;0;0;0
28232;Mateiros;7;15;10;12;8;14;225;4;3;31;6;2;14;20;7;11;65;20;14;6;10;1;1;1;0;0;0;1;0
28300;Mateiros;7;17;9;14;10;15;231;6;4;39;11;2;14;19;6;11;72;19;14;6;14;0;1;0;2;0;0;0;0
28249;Mateiros;8;15;12;12;10;14;244;7;4;36;11;3;14;20;7;12;76;19;16;7;12;0;1;0;0;0;0;0;0
28301;Mateiros;7;15;11;12;10;15;235;7;5;37;11;3;14;18;5;13;66;21;15;5;13;1;1;1;0;0;0;0;0
28217;Mateiros;8;13;12;12;10;14;249;5;3;36;10;4;14;19;7;14;71;19;17;6;14;0;1;1;2;0;0;0;0
28295;Mateiros;8;15;11;11;10;14;226;4;6;42;9;3;14;16;5;13;69;20;15;7;14;0;1;1;2;0;0;0;0
28278;Mateiros;7;13;12;12;10;15;227;6;4;43;9;2;14;18;5;11;70;20;15;5;14;0;1;1;0;0;0;1;0
28222;Mateiros;8;13;12;12;10;15;222;3;3;36;6;2;14;21;5;12;73;19;15;6;15;0;1;0;0;0;0;2;0
28233;Mateiros;7;16;14;12;10;15;226;6;4;42;8;2;14;20;3;13;78;19;15;4;13;0;1;1;2;0;0;0;0
28267;Mateiros;8;15;12;12;10;15;235;6;3;35;9;2;14;20;6;10;67;21;14;5;12;1;1;1;0;0;0;1;0
28260;Mateiros;8;15;9;12;10;14;229;5;4;39;8;2;14;18;4;11;74;21;15;6;14;1;2;0;0;0;0;1;0
28250;Mateiros;8;15;11;10;9;14;226;7;4;38;8;3;14;20;7;11;62;21;15;5;12;0;1;1;0;0;0;1;0
28288;Mateiros;8;15;11;10;8;13;229;6;4;39;10;2;14;20;7;12;73;19;15;5;12;0;1;1;2;0;0;1;0
28246;Mateiros;7;15;10;12;10;14;146;6;4;31;10;2;14;19;6;11;63;19;15;5;12;0;1;0;2;0;0;0;0
28244;Mateiros;8;16;11;12;9;14;235;5;4;34;8;2;14;18;5;12;66;18;15;5;10;0;1;0;0;0;0;0;0
28279;Mateiros;7;15;13;10;10;14;219;6;4;35;10;2;14;20;6;10;68;20;14;5;11;0;1;0;2;0;0;1;0
28285;Mateiros;7;15;13;12;10;15;236;7;4;41;10;3;14;20;6;12;71;18;15;6;13;0;1;0;0;0;0;0;0
28241;Mateiros;8;16;12;11;11;14;238;6;4;38;11;3;14;19;4;12;68;21;15;5;12;0;1;0;0;0;0;0;0
28220;Mateiros;8;14;12;14;10;14;245;8;4;40;12;3;14;19;6;11;71;18;15;5;13;0;1;1;0;0;0;0;0
28276;Mateiros;7;15;11;10;10;16;225;4;4;37;8;2;14;21;5;12;78;19;14;5;14;1;1;1;2;0;0;1;0
28306;Mateiros;8;16;11;12;10;14;245;7;4;38;10;4;14;23;5;11;74;18;14;7;13;1;1;1;0;0;0;0;0
28298;Mateiros;8;14;12;12;10;14;221;4;4;36;9;4;14;19;8;12;73;20;15;7;16;0;1;1;0;0;0;0;0
28253;Mateiros;8;13;12;10;10;13;217;7;4;38;8;2;14;20;5;12;70;18;15;5;10;0;1;1;2;0;0;1;0
28243;Mateiros;7;15;13;10;10;13;233;7;4;37;10;3;14;20;5;11;70;20;16;6;15;0;1;0;2;0;0;1;0
28287;Mateiros;7;16;11;10;10;15;246;5;5;41;9;2;14;20;6;11;76;21;17;5;11;0;1;0;0;0;0;0;0
28282;Mateiros;7;14;11;12;10;13;230;6;4;45;9;2;14;20;6;13;75;20;15;5;15;1;1;1;2;0;0;0;0
28219;Mateiros;8;13;11;12;10;15;232;7;3;39;11;4;14;18;3;13;63;19;16;5;14;1;1;0;2;0;0;0;0
28275;Mateiros;7;12;11;10;9;15;228;7;5;34;8;2;14;18;5;12;71;19;14;4;13;0;1;1;0;0;0;1;0
28204;Mateiros;8;16;11;11;10;13;229;6;4;39;9;2;14;19;7;13;67;21;15;5;10;0;1;1;2;0;0;1;0
28272;Mateiros;8;15;11;12;10;13;235;7;4;42;9;3;14;20;6;12;66;20;15;5;11;1;1;1;2;0;0;1;0
28268;Mateiros;7;16;11;12;10;15;231;7;4;37;9;3;14;20;4;12;71;19;15;7;11;1;1;1;0;0;0;1;0
28213;Mateiros;8;13;12;12;10;15;237;7;4;39;10;3;14;18;5;11;66;18;15;5;13;0;1;1;2;0;0;1;0
28302;Mateiros;8;15;10;12;10;14;218;6;4;36;10;3;14;18;6;11;66;19;15;5;13;1;1;1;0;0;0;0;0
28274;Mateiros;7;16;12;12;10;15;229;7;4;34;11;2;14;18;5;12;67;19;15;6;12;1;1;0;2;0;0;0;0
28245;Mateiros;7;13;11;12;10;12;235;8;4;38;10;3;14;19;3;13;74;18;16;6;11;0;1;1;0;0;0;0;0
28210;Mateiros;7;15;12;11;9;15;229;6;3;36;11;2;14;20;6;12;70;21;14;6;12;1;1;0;0;0;0;0;0
28224;Mateiros;8;15;11;11;10;13;221;3;2;36;11;3;14;18;4;12;68;20;15;4;11;0;1;1;2;0;0;1;0
28255;Mateiros;7;15;11;12;10;15;203;7;4;38;11;3;14;19;2;12;65;21;15;6;15;1;1;1;2;0;0;1;0
28286;Mateiros;8;13;12;11;10;13;201;6;4;35;9;4;14;18;7;11;69;20;16;5;15;1;1;1;0;0;0;1;0
28266;Mateiros;8;16;13;12;11;15;208;6;3;34;11;3;14;17;5;12;64;18;14;5;10;1;1;1;0;0;0;0;0
28254;Mateiros;8;15;12;12;10;15;203;8;4;38;8;2;14;20;5;12;65;21;15;5;12;1;1;0;0;0;0;1;0
28256;Mateiros;8;15;10;12;9;12;202;7;4;36;9;2;14;18;5;12;62;20;15;5;13;1;1;0;2;0;0;1;0
28269;Mateiros;7;15;11;12;10;13;219;6;4;36;9;2;14;20;6;12;66;20;15;5;12;1;1;1;0;0;0;1;0
28270;Mateiros;8;15;11;13;10;15;228;6;3;41;9;2;14;18;4;12;71;19;16;5;12;1;1;1;2;0;0;0;0
28264;Mateiros;7;14;11;10;8;15;216;7;4;38;8;2;14;18;4;11;59;19;15;6;10;0;1;0;2;0;0;1;0
28265;Mateiros;7;14;11;12;10;12;212;5;3;37;8;2;14;18;3;11;64;18;14;5;12;1;1;0;0;0;0;1;0
28292;Mateiros;8;15;11;12;10;14;252;4;5;41;12;4;14;20;5;12;76;19;14;15;15;1;1;1;0;0;0;0;0
28226;Mateiros;8;16;12;12;10;15;261;6;4;38;8;2;14;20;5;11;72;19;14;6;13;0;1;0;2;0;0;1;0
28208;Mateiros;8;15;10;10;10;13;244;6;4;41;9;2;14;18;5;11;67;20;14;6;12;0;1;1;0;0;0;1;0
28234;Mateiros;7;15;12;12;10;13;244;8;4;40;10;2;14;18;3;12;69;19;15;6;13;1;1;1;2;0;0;0;0
28309;Mateiros;7;14;11;12;10;14;230;7;3;43;12;4;14;18;3;11;74;19;14;7;14;0;1;1;2;0;0;0;0
28310;Mateiros;8;14;11;10;8;15;216;8;4;32;8;4;14;20;7;11;65;20;13;5;13;1;1;0;2;0;0;0;0
28308;Mateiros;8;16;11;12;10;15;227;6;3;36;12;5;14;19;4;11;71;20;14;7;12;0;1;1;2;0;0;0;0
28303;Mateiros;8;16;12;13;10;14;202;5;3;38;10;4;14;18;5;11;67;18;14;6;14;1;1;1;2;0;0;0;0
28206;Mateiros;8;13;10;10;9;12;230;8;4;39;11;2;14;17;5;11;67;19;14;6;12;1;1;1;0;0;2;1;0
28225;Mateiros;7;15;13;12;10;13;222;6;4;41;8;2;14;20;5;12;64;18;14;5;10;0;1;1;2;0;0;0;0
28248;Mateiros;8;15;10;11;9;14;227;6;4;40;10;2;14;18;4;12;68;20;13;6;12;1;1;1;0;0;0;1;0
28262;Mateiros;8;16;11;12;10;14;206;8;4;43;9;2;14;18;4;11;69;19;15;6;12;0;1;1;0;0;0;1;0
28238;Mateiros;9;15;11;12;10;13;215;7;4;38;11;3;14;18;4;12;67;18;14;6;11;1;1;1;2;0;0;1;0
28273;Mateiros;7;16;12;12;10;13;212;6;4;39;6;2;14;18;4;11;64;18;15;5;12;1;1;1;0;0;0;1;0
28240;Mateiros;7;16;10;11;10;13;197;8;4;35;11;2;14;18;2;11;62;19;15;6;11;1;1;1;2;0;0;1;0
28228;Mateiros;7;16;12;13;11;13;210;5;3;39;12;3;14;18;5;11;67;19;15;5;16;1;1;1;0;0;0;0;0
28261;Mateiros;7;14;10;12;10;14;240;7;4;40;10;2;14;19;4;12;72;20;15;6;12;1;1;1;0;0;0;1;0
28236;Mateiros;8;15;11;12;10;13;220;7;4;38;11;2;14;20;5;10;67;18;15;7;10;0;1;1;2;0;0;0;0
28305;Mateiros;8;16;10;11;9;14;203;6;3;39;10;4;14;18;4;12;73;18;15;5;12;0;1;1;0;0;0;0;0
28239;Mateiros;7;16;11;12;10;14;226;6;4;41;11;3;14;18;3;10;74;18;15;6;15;1;1;1;0;0;0;0;0
28252;Mateiros;7;15;11;12;10;13;212;6;4;35;9;2;14;20;4;11;64;18;14;5;12;1;1;1;2;0;0;1;0
28293;Mateiros;7;14;12;11;10;14;200;6;4;34;10;2;14;19;5;10;68;20;13;6;12;0;1;1;2;0;0;1;0
28291;Mateiros;8;14;12;12;10;14;240;7;4;40;11;3;15;20;5;11;68;20;14;6;13;0;1;0;0;0;0;0;0
28263;Mateiros;7;15;10;12;10;13;216;6;4;34;10;2;14;18;5;12;78;20;16;5;14;1;1;0;2;0;0;1;0
28271;Mateiros;7;15;11;11;10;14;215;7;4;38;11;2;14;20;3;11;74;19;15;7;11;1;1;1;0;0;0;1;0
28304;Mateiros;8;15;12;12;10;14;176;5;5;36;8;3;14;18;4;12;73;18;15;7;13;0;1;1;2;0;0;0;0
28307;Mateiros;8;14;12;11;10;13;249;7;4;40;9;3;14;20;5;10;74;20;15;6;14;0;1;0;0;0;0;0;0
28289;Mateiros;8;16;11;10;10;14;231;8;4;41;10;2;14;20;6;12;71;19;14;5;12;0;1;0;0;0;0;1;0
40976;Mateiros;8;11;12;12;10;15;236;6;4;39;10;2;14;18;5;11;66;19;15;6;13;1;2;1;0;0;0;1;0
41014;Mateiros;8;13;12;10;10;16;227;6;2;29;10;2;14;21;3;13;64;20;14;7;12;1;1;1;0;0;0;1;0
41020;Mateiros;8;13;11;12;10;14;233;9;5;40;10;4;14;19;5;11;65;18;15;5;13;0;1;1;0;0;0;0;0
40969;Mateiros;7;13;11;11;10;14;210;4;3;35;6;2;14;20;6;11;66;18;15;7;12;0;1;1;2;0;0;2;0
41088;Mateiros;7;15;12;12;10;15;231;6;4;37;10;2;14;19;7;12;61;19;15;6;10;0;1;1;0;0;0;2;0
41079;Mateiros;7;15;12;12;10;13;221;8;4;32;8;2;14;19;3;13;65;19;15;6;12;0;1;1;0;0;0;1;0
41082;Mateiros;8;15;11;10;10;15;265;7;5;41;10;2;14;19;6;12;66;19;15;5;10;1;1;1;0;0;0;0;0
41006;Mateiros;7;14;9;10;10;14;198;7;4;37;8;2;14;17;6;12;64;20;16;6;13;1;1;1;0;0;0;2;0
41068;Mateiros;7;14;10;12;10;15;216;6;4;40;7;2;14;19;8;12;66;20;16;6;10;0;1;1;0;0;0;2;0
40980;Mateiros;7;14;12;12;11;15;206;7;4;33;7;2;14;18;5;11;67;18;14;7;15;1;1;1;2;0;0;2;0
41002;Mateiros;8;16;11;10;10;15;224;4;5;37;9;2;14;20;6;12;69;18;15;6;13;0;2;0;0;0;0;1;0
41049;Mateiros;8;15;11;11;10;14;218;6;4;32;10;3;14;18;5;12;61;20;15;6;15;0;2;1;0;0;0;1;0
40973;Mateiros;7;12;10;12;10;14;206;6;4;42;9;2;14;19;4;13;65;19;13;5;16;0;1;1;0;0;0;1;0
41021;Mateiros;8;14;12;12;10;15;208;7;4;34;9;2;14;18;6;13;60;18;15;5;13;1;1;0;0;0;0;1;0
41080;Mateiros;8;13;11;10;9;14;199;8;4;34;11;3;14;18;5;13;57;19;15;4;12;0;1;1;0;0;0;0;0
40979;Mateiros;7;15;12;10;9;13;226;4;4;37;10;3;14;18;5;12;64;18;13;5;12;0;1;1;2;0;0;0;0
41060;Mateiros;8;13;8;10;8;12;193;9;4;40;8;3;14;18;5;12;61;19;16;6;10;0;1;1;0;0;0;1;0
40968;Mateiros;8;15;12;10;10;15;215;7;4;35;9;2;13;19;6;12;62;18;14;6;12;0;1;1;0;0;0;1;0
41071;Mateiros;8;15;11;12;10;15;198;8;4;35;13;4;14;20;4;14;62;19;15;4;8;0;2;1;2;0;0;0;0
41069;Mateiros;7;15;11;11;10;14;216;6;4;36;13;4;14;15;5;13;62;20;15;5;13;0;1;1;0;0;0;0;0
41038;Mateiros;7;13;10;12;10;14;221;4;4;36;8;2;15;18;6;12;70;20;16;6;12;0;1;0;0;0;0;1;0
40989;Mateiros;8;14;12;10;10;16;243;5;4;36;12;2;14;18;7;11;62;18;16;4;14;1;1;1;0;0;0;1;0
40985;Mateiros;8;13;10;12;10;14;235;7;4;31;10;3;13;19;7;12;69;20;16;5;10;0;1;1;0;0;0;1;0
40965;Mateiros;8;14;11;10;10;14;239;4;4;36;11;4;15;18;7;12;69;19;15;4;16;1;1;1;0;0;0;0;0
41056;Mateiros;8;15;12;10;10;15;222;7;4;39;12;4;14;19;5;12;79;20;15;6;12;0;1;1;2;0;0;0;0
41077;Mateiros;7;13;11;12;10;13;216;5;4;35;11;4;13;19;5;12;68;19;15;6;6;0;1;1;0;0;0;0;0
41013;Mateiros;8;16;11;10;10;15;219;6;3;35;11;4;14;20;7;12;73;21;17;6;15;0;1;0;0;0;0;0;0
41070;Mateiros;7;14;11;10;10;15;218;8;4;38;11;4;15;19;5;12;68;20;15;6;13;0;1;0;0;0;0;0;0
41086;Mateiros;8;14;10;10;10;14;199;6;4;34;11;4;14;20;5;11;67;19;15;6;15;0;1;1;0;0;0;0;0
40992;Mateiros;8;15;13;12;10;15;226;7;4;39;11;4;14;19;7;13;71;21;15;5;12;0;1;1;0;0;0;0;0
41064;Mateiros;7;13;11;12;10;15;166;6;3;39;8;3;14;18;4;13;63;19;16;7;13;1;1;1;2;0;0;0;0
41068;Mateiros;8;15;10;12;10;14;215;6;4;33;10;3;14;18;5;12;64;18;15;4;12;0;1;1;2;0;0;1;0
40974;Mateiros;8;16;12;10;10;15;219;6;4;36;12;4;14;19;4;12;68;20;15;6;12;1;1;1;0;0;0;0;0
41061;Mateiros;7;15;11;10;10;13;204;7;4;36;10;3;13;19;4;12;64;19;15;5;12;1;1;1;0;0;0;0;0
41045;Mateiros;8;14;11;12;8;16;220;4;4;32;11;3;14;18;6;12;62;18;15;6;13;1;1;1;0;0;0;1;0
41027;Mateiros;7;15;12;11;9;13;209;6;4;35;8;3;14;19;5;13;68;18;16;5;13;1;1;1;0;0;0;1;0
41075;Mateiros;7;14;10;10;10;15;205;6;4;34;10;3;14;18;6;12;62;18;16;6;17;0;1;1;0;0;0;1;0
41073;Mateiros;7;15;12;10;10;15;213;6;4;35;11;4;14;18;6;11;60;19;16;6;17;1;1;1;2;0;0;0;0
41046;Mateiros;7;14;10;12;10;15;210;4;4;36;8;2;14;18;6;12;60;19;17;5;18;1;1;0;0;0;0;0;0
41035;Mateiros;8;13;12;12;10;14;220;6;4;35;9;2;14;17;5;12;59;18;15;5;13;0;1;1;2;0;0;1;0
41089;Mateiros;8;16;13;12;10;15;213;7;5;36;9;2;14;18;5;13;65;21;15;5;13;1;1;1;0;0;0;0;0
41087;Mateiros;7;15;11;10;10;14;215;9;3;37;11;3;14;18;6;11;61;21;15;5;13;1;1;1;0;0;0;0;0
41005;Mateiros;8;12;10;12;10;15;215;6;4;36;11;2;14;18;4;11;55;18;15;7;11;1;1;1;0;0;0;0;0
41031;Mateiros;8;15;12;12;11;15;206;4;3;34;7;2;14;18;5;12;66;18;16;7;11;0;1;0;0;0;0;1;0
40986;Mateiros;8;15;10;11;10;15;207;7;4;35;8;2;13;20;3;13;62;19;15;3;12;1;1;1;0;0;0;1;0
41067;Mateiros;8;16;12;13;10;16;231;6;4;35;9;2;14;19;6;13;72;21;18;5;16;1;2;1;0;0;0;1;0
41033;Mateiros;8;15;10;12;10;16;231;4;4;36;10;3;14;19;4;13;78;18;16;7;14;0;1;1;0;0;0;0;0
41050;Mateiros;8;14;11;12;10;15;253;6;4;41;9;2;14;19;5;12;67;20;16;8;13;0;1;1;0;0;0;0;0
40978;Mateiros;7;16;10;12;11;15;161;7;4;34;6;2;14;19;3;11;66;18;16;7;14;0;1;1;0;0;0;2;0
41004;Mateiros;7;16;12;11;10;15;219;4;4;37;9;2;14;18;7;11;81;20;15;7;14;0;1;1;0;0;0;1;0
41051;Mateiros;7;14;11;12;10;15;226;6;5;42;10;4;14;21;5;11;67;18;15;7;18;0;2;0;0;0;0;0;0
40988;Mateiros;7;16;11;12;10;14;241;7;5;33;10;4;14;21;6;13;66;19;17;7;11;0;1;1;0;0;0;0;0
41042;Mateiros;7;14;12;12;10;15;232;6;4;38;10;4;13;18;4;12;64;19;15;5;15;0;1;1;2;0;0;0;0
41011;Mateiros;8;16;12;12;10;15;218;5;4;36;9;3;14;19;4;11;66;19;15;7;11;0;1;0;0;0;0;0;0
41062;Mateiros;8;15;11;12;10;15;214;7;4;42;10;3;14;21;5;12;68;19;15;7;13;0;1;0;0;0;0;0;0
41030;Mateiros;7;15;12;12;10;15;226;7;4;38;11;3;14;18;6;12;68;18;16;6;10;0;1;1;0;0;0;0;0
41055;Mateiros;8;15;10;10;10;14;239;6;4;38;11;4;14;18;7;13;65;20;16;6;10;1;1;1;0;0;0;0;0
41039;Mateiros;7;15;12;12;9;14;178;9;4;37;8;2;14;18;5;12;65;21;16;6;13;1;1;1;0;0;0;1;0
41000;Mateiros;8;14;11;12;10;13;210;7;3;36;7;2;14;19;3;12;63;19;16;6;11;1;1;1;0;0;0;1;0
41081;Mateiros;8;14;11;12;10;15;208;6;4;32;9;3;14;20;5;12;65;20;16;4;12;0;2;0;0;0;0;0;0
41037;Mateiros;7;15;11;10;9;15;265;7;5;44;11;2;14;21;5;12;76;19;16;9;13;1;1;1;0;0;0;1;0
41028;Mateiros;7;14;11;10;9;15;218;5;4;32;11;4;14;19;6;13;69;20;16;6;14;0;1;0;2;0;0;0;0
41076;Mateiros;8;15;11;12;10;15;215;5;3;31;8;2;14;20;3;12;68;19;15;6;14;1;1;1;2;0;0;0;0
41091;Mateiros;7;13;10;10;10;14;229;7;4;35;10;3;14;19;3;12;64;20;16;7;16;0;1;1;0;0;0;0;0
40964;Mateiros;7;14;10;10;9;14;203;7;5;38;9;4;14;18;5;14;62;18;16;7;15;1;1;1;2;0;0;0;0
40984;Mateiros;6;14;11;12;10;14;218;7;3;38;9;3;14;18;5;11;63;19;15;5;12;0;1;0;0;0;0;1;0
40998;Mateiros;7;12;10;12;10;15;195;7;4;40;10;2;14;17;4;12;64;20;15;7;17;0;1;0;0;0;0;1;0
14150;Mateiros;8;14;12;11;10;13;220;7;3;35;11;4;14;19;4;13;69;19;17;5;13;0;1;1;0;0;0;0;0
14148;Mateiros;8;16;11;12;11;13;229;6;3;37;10;3;14;20;6;11;65;20;16;5;12;0;1;0;2;0;0;1;0
14149;Mateiros;8;16;11;11;10;15;233;6;4;39;13;3;13;19;7;13;75;20;15;4;15;1;1;1;0;0;0;0;0
3108;Minacu;9;15;12;12;10;17;228;3;3;37;10;5;14;23;4;12;90;20;15;7;14;1;1;1;0;0;0;0;0
3054;Minacu;7;14;10;14;12;14;237;5;2;28;8;4;14;24;5;12;81;21;15;7;11;1;0;1;0;0;0;0;0
3064;Minacu;7;14;11;13;12;16;257;8;4;34;8;3;14;23;6;12;74;22;16;5;11;0;2;0;0;0;0;1;0
3101;Minacu;7;16;10;12;10;16;188;5;4;33;8;5;14;19;5;11;72;19;16;7;13;1;1;1;0;0;0;1;0
3056;Minacu;8;15;13;11;9;16;206;5;3;34;9;4;14;20;6;12;75;19;14;6;12;1;1;1;0;0;0;0;0
3122;Minacu;8;16;8;12;10;15;177;6;4;37;8;4;14;20;5;15;59;22;16;8;11;1;2;1;0;0;0;0;0
3092;Minacu;8;15;13;12;10;15;163;7;3;32;8;3;14;21;6;12;57;17;16;6;13;1;1;1;0;0;0;1;0
3121;Minacu;7;16;9;12;10;14;141;7;4;35;9;3;14;17;4;14;59;21;15;7;13;1;1;1;0;0;0;0;0
8035;Minacu;8;18;11;12;10;13;172;7;4;35;10;3;14;19;6;12;58;20;15;5;12;1;1;1;0;0;0;0;0
3028;Minacu;8;18;11;12;10;14;161;6;3;26;9;3;14;18;6;11;65;18;16;5;10;1;1;1;0;0;0;0;0
3041;Minacu;7;17;10;12;10;14;182;7;6;46;9;4;14;18;5;11;63;20;15;6;15;0;1;1;0;0;0;0;0
8001;Minacu;8;15;11;12;10;13;161;5;4;33;9;2;14;20;5;11;69;18;15;4;6;0;1;1;0;0;0;0;0
3037;Minacu;7;16;12;12;10;13;170;8;3;28;9;5;14;19;4;12;64;21;16;4;15;1;1;0;0;0;0;0;0
3080;Minacu;7;17;11;12;10;12;153;8;4;32;7;2;13;18;6;13;61;23;17;7;12;1;1;1;2;0;0;1;0
3070;Minacu;8;16;10;11;10;14;166;3;4;27;10;4;14;19;3;11;58;20;14;6;13;1;1;1;0;0;0;0;0
3010;Minacu;8;15;10;12;10;14;176;7;4;29;9;4;14;19;4;13;58;21;16;7;11;1;1;0;0;0;0;0;0
3076;Minacu;8;16;10;12;10;13;149;6;3;39;9;4;14;18;4;12;65;21;16;6;14;1;1;1;0;0;0;0;0
3055;Minacu;8;15;11;12;10;14;165;5;5;33;9;3;14;18;4;11;58;22;15;6;13;1;2;0;0;0;0;0;0
3051;Minacu;7;17;9;12;10;15;171;4;4;37;8;3;14;20;6;13;60;20;15;5;14;1;2;1;0;0;0;0;0
3035;Minacu;8;15;10;10;10;14;185;7;3;32;12;4;14;19;4;11;60;19;15;6;12;1;1;0;0;0;0;0;0
3021;Minacu;9;15;8;12;10;14;157;4;4;36;8;5;14;19;5;12;55;18;15;5;11;0;1;1;0;0;0;0;0
3120;Minacu;8;13;9;12;10;13;165;6;4;26;8;5;14;21;3;12;53;19;16;6;15;1;1;0;0;0;0;0;0
3087;Minacu;9;15;10;11;10;13;156;3;2;33;9;2;14;21;7;12;62;21;14;7;12;0;1;1;0;0;0;1;0
3126;Minacu;8;14;11;12;10;14;167;6;4;31;8;4;14;19;3;11;56;20;16;5;11;1;1;1;0;1;0;0;0
3025;Minacu;7;15;11;11;10;13;166;5;3;27;8;2;14;20;5;11;64;20;15;4;10;1;1;1;0;1;0;0;0
3045;Minacu;7;17;11;12;12;12;158;7;4;36;8;4;14;20;3;13;55;22;16;8;10;1;1;1;2;0;0;0;0
3044;Minacu;7;16;9;12;10;12;186;4;3;36;9;2;14;19;5;12;55;19;16;6;12;1;1;0;0;1;0;0;0
3022;Minacu;8;15;11;11;10;13;183;6;3;31;6;2;14;17;5;12;61;20;16;4;16;0;1;1;0;0;0;1;0
3117;Minacu;8;15;10;10;10;15;158;5;4;34;12;4;14;17;6;12;55;20;15;4;10;0;1;1;2;1;0;0;0
3124;Minacu;8;14;11;12;10;14;171;7;4;29;10;3;14;19;4;12;54;18;16;6;16;1;1;1;2;0;0;1;0
3065;Minacu;8;16;10;13;10;15;161;8;4;35;10;4;14;18;4;11;55;21;14;5;12;1;1;1;0;0;0;0;0
3030;Minacu;7;15;9;11;10;13;168;7;4;32;8;3;14;20;5;11;58;20;16;5;11;0;1;1;0;0;0;1;0
3031;Minacu;7;15;11;11;10;13;166;7;3;30;7;3;14;19;4;11;60;19;20;7;17;0;1;1;0;0;0;1;0
3103;Minacu;8;16;11;12;10;16;187;6;4;38;9;2;14;18;3;12;63;19;14;6;12;1;2;0;0;0;0;0;0
3097;Minacu;7;14;9;12;10;14;176;3;2;31;8;2;14;19;5;12;64;21;14;4;10;0;1;1;0;0;0;0;0
3067;Minacu;7;16;12;12;10;15;166;6;4;30;9;2;14;18;5;12;61;19;15;5;13;1;1;1;0;0;0;0;0
3017;Minacu;7;16;11;12;10;14;168;3;3;31;8;2;14;19;4;12;62;19;15;5;10;1;1;1;0;0;0;0;0
3018;Minacu;7;15;10;12;10;14;175;4;3;29;8;2;14;18;4;13;59;20;16;6;17;1;1;0;0;0;0;0;0
3079;Minacu;8;14;10;12;10;15;164;4;1;27;6;2;14;19;5;12;58;19;16;6;13;1;2;0;0;0;0;1;0
3102;Minacu;7;16;9;12;10;15;172;5;4;29;11;4;14;18;5;12;62;20;14;4;12;0;1;1;0;0;0;1;0
3019;Minacu;8;17;11;13;10;15;149;5;3;31;7;2;16;19;5;10;57;21;15;4;11;0;1;0;0;0;0;2;0
3093;Minacu;8;17;11;12;10;15;175;5;3;29;7;2;12;19;5;12;63;21;16;5;12;0;2;0;0;0;0;1;0
3026;Minacu;8;17;10;12;10;14;148;3;2;27;7;4;14;18;4;12;52;18;15;5;8;1;2;1;0;0;0;0;0
3089;Minacu;8;16;9;12;10;15;164;3;2;28;7;2;14;21;5;12;59;20;16;5;16;1;1;1;0;0;0;2;0
3115;Minacu;7;18;10;12;10;15;174;3;2;30;9;2;14;21;3;12;65;21;15;5;14;1;2;0;2;1;0;0;0
3011;Minacu;7;16;11;12;10;16;173;5;4;31;11;2;14;20;6;12;66;21;15;5;16;0;1;1;0;0;0;0;0
3111;Minacu;7;15;9;12;10;15;184;4;3;31;8;3;13;20;4;13;61;21;16;7;14;0;1;1;0;0;0;0;0
8005;Minacu;9;16;10;12;10;16;170;4;2;26;10;3;14;19;6;11;65;21;15;4;13;1;1;1;0;0;0;0;0
3083;Minacu;9;16;11;12;10;15;178;7;4;31;8;2;14;20;3;11;65;19;16;5;10;0;1;1;2;0;0;1;0
3118;Minacu;7;15;9;12;10;15;182;6;3;29;9;3;14;21;6;13;72;19;16;5;13;1;1;1;0;0;0;0;0
3106;Minacu;7;16;10;12;10;16;176;7;4;35;10;2;14;21;6;11;61;21;16;4;15;1;2;0;2;0;0;0;0
8002;Minacu;7;14;10;12;11;14;167;6;5;30;8;3;13;19;5;13;67;21;15;5;13;1;2;0;2;0;0;0;0
3131;Minacu;8;16;11;12;11;14;183;6;2;35;9;4;14;21;5;13;63;20;15;5;11;0;1;1;0;0;0;0;0
3099;Minacu;7;15;9;12;11;15;184;7;4;35;10;4;14;20;3;13;57;21;16;7;13;1;1;1;0;0;0;0;0
3009;Minacu;6;16;11;12;11;16;159;5;3;27;8;2;13;21;4;11;61;21;12;4;13;1;1;1;0;0;0;0;0
3128;Minacu;7;14;10;12;10;15;156;6;3;41;10;4;15;19;6;11;67;20;15;5;12;0;1;1;0;0;0;0;0
3047;Minacu;7;14;12;12;10;16;158;6;3;38;11;4;14;20;8;11;61;21;14;6;16;1;1;1;0;0;0;0;0
3133;Minacu;8;16;10;12;8;14;168;3;3;35;8;2;12;19;8;11;68;21;14;6;10;1;1;0;0;0;0;1;0
3024;Minacu;7;15;9;12;10;15;176;6;3;31;8;3;14;20;3;12;74;19;16;4;13;0;1;1;0;0;0;1;0
3107;Minacu;7;14;8;14;10;14;171;6;3;28;7;4;15;21;5;12;78;21;16;5;11;0;1;1;2;0;0;1;0
3020;Minacu;8;16;9;13;10;16;165;6;3;34;10;4;14;21;5;12;76;19;16;4;13;1;1;1;0;0;0;0;0
3016;Minacu;8;16;12;11;10;15;189;7;4;40;9;4;14;19;5;12;74;19;16;5;12;1;1;0;0;0;0;1;0
3094;Minacu;7;15;10;11;10;16;176;6;4;27;8;4;14;19;5;11;66;18;16;4;17;1;1;1;0;0;0;0;0
3012;Minacu;7;16;11;13;10;15;178;7;4;39;8;3;14;18;4;12;68;20;16;6;13;0;1;0;0;0;0;1;0
3057;Minacu;7;15;10;12;10;16;182;6;4;43;9;3;15;18;5;11;63;18;15;4;13;1;1;1;0;0;0;0;0
3116;Minacu;8;14;8;12;10;13;183;7;5;36;10;4;14;21;4;12;61;22;15;7;14;0;1;0;0;0;0;0;0
3085;Minacu;8;15;11;12;10;13;174;4;4;36;8;2;14;19;7;11;67;19;14;5;13;0;1;1;0;0;0;1;0
3059;Minacu;7;16;10;14;12;15;164;7;4;32;10;4;16;21;3;12;64;19;17;6;15;0;2;0;0;0;0;0;0
3053;Minacu;8;16;11;12;10;13;173;4;3;34;8;5;14;19;4;11;64;19;15;7;12;1;1;1;0;0;0;0;0
3048;Minacu;8;16;10;12;10;15;178;2;0;29;8;2;12;18;6;12;63;21;14;3;12;0;1;1;0;0;0;0;0
3061;Minacu;8;16;9;12;10;14;168;6;4;38;11;2;15;20;7;12;62;20;15;7;12;0;0;1;0;0;0;0;0
3091;Minacu;8;15;10;13;10;12;172;6;3;37;9;4;14;21;7;12;60;20;15;5;11;0;1;1;0;0;0;0;0
3029;Minacu;7;16;9;12;10;14;196;7;4;28;8;3;14;19;5;12;61;20;15;4;14;0;1;1;0;0;0;1;0
3074;Minacu;8;15;10;13;10;13;189;6;3;38;7;2;14;20;5;12;67;20;15;4;11;0;1;1;0;0;0;1;0
3066;Minacu;7;14;10;12;10;14;184;7;3;32;9;2;14;21;5;11;60;21;15;6;11;0;1;1;0;0;0;1;0
3084;Minacu;7;13;9;13;10;12;187;5;3;36;8;3;15;20;7;12;70;20;15;7;12;0;1;1;0;0;0;1;0
3081;Minacu;7;14;11;13;11;17;208;4;3;33;9;4;14;19;3;14;72;19;17;4;16;1;2;0;0;0;0;0;0
3123;Minacu;8;17;10;12;10;13;206;4;2;30;8;2;13;21;6;11;71;19;14;7;11;0;1;1;0;0;0;0;0
3125;Minacu;7;17;9;12;10;15;199;6;4;33;10;2;14;21;4;13;76;21;15;5;12;1;1;1;0;0;0;0;0
3062;Minacu;8;14;10;12;11;11;211;5;3;32;9;2;14;21;5;12;68;20;14;5;12;0;1;1;0;0;0;0;0
3015;Minacu;8;16;10;12;11;15;179;5;4;31;9;2;14;19;4;14;65;19;15;5;13;1;2;1;0;0;0;0;0
3027;Minacu;7;16;10;12;10;14;206;5;4;27;9;2;14;20;3;14;76;20;15;7;6;1;1;1;2;0;0;0;0
3073;Minacu;6;15;10;11;9;15;180;4;2;31;8;3;13;19;5;12;64;19;16;7;11;1;1;1;2;0;0;0;0
8003;Minacu;8;17;11;13;12;15;185;5;3;32;7;3;14;18;6;12;70;21;15;6;16;1;2;1;0;0;0;0;0
3046;Minacu;7;16;10;12;10;13;184;4;3;29;9;2;12;19;2;11;70;19;14;6;12;1;1;1;0;0;0;0;0
3038;Minacu;8;16;10;12;10;15;206;3;2;31;9;4;14;20;4;11;68;20;14;7;12;1;1;1;0;0;0;0;0
8004;Minacu;8;14;10;12;10;16;192;5;4;33;9;3;14;20;5;11;69;21;15;4;13;1;1;1;0;0;0;0;0
3075;Minacu;7;15;11;16;12;17;189;4;3;30;9;2;14;20;5;12;76;20;16;5;14;0;1;1;2;0;0;1;0
3049;Minacu;7;17;11;12;10;16;192;7;4;37;12;4;16;20;3;11;60;19;15;5;13;1;1;1;0;0;0;1;0
3069;Minacu;7;16;10;12;9;14;178;3;0;32;6;2;14;22;6;14;65;18;15;7;12;0;1;1;0;0;0;1;0
3072;Minacu;8;17;11;12;10;16;181;4;2;34;7;3;14;21;5;12;65;19;15;5;11;0;1;1;0;0;0;1;0
3043;Minacu;7;16;10;13;10;15;171;4;3;36;10;2;14;21;5;11;63;19;15;4;16;0;1;0;0;0;0;0;0
3096;Minacu;7;13;11;12;9;14;169;6;3;32;9;3;13;22;5;12;63;21;16;6;14;1;1;1;0;0;0;0;0
3090;Minacu;8;17;11;14;12;16;177;4;3;30;6;3;14;21;6;13;58;18;16;5;13;1;1;1;0;0;0;1;0
3109;Minacu;8;17;11;12;10;15;192;6;5;36;10;2;14;20;4;12;63;19;14;5;12;1;1;1;0;0;0;0;0
3113;Minacu;8;16;9;11;10;13;159;7;4;43;10;2;14;18;4;12;65;19;14;5;12;0;1;1;0;0;0;1;0
3014;Minacu;8;15;10;14;11;14;164;6;5;34;9;3;14;20;6;11;57;19;14;5;12;0;1;1;0;0;0;0;0
3039;Minacu;8;16;12;11;11;14;179;7;5;31;9;3;14;20;5;11;66;19;14;6;13;0;1;1;0;0;0;0;0
3050;Minacu;8;14;10;11;10;14;176;5;3;33;8;3;14;21;5;11;63;20;15;4;13;1;1;1;0;0;0;0;0
8006;Minacu;8;17;11;11;10;15;234;4;4;36;10;4;14;24;3;14;71;20;15;7;13;0;1;1;2;1;0;0;0
8042;Minacu;9;15;10;12;10;13;219;3;3;29;10;2;14;19;3;12;66;22;15;7;11;0;1;1;0;0;0;0;0
8050;Minacu;7;17;10;12;10;14;189;3;2;33;10;4;14;19;5;12;67;20;15;6;15;0;1;1;0;0;0;0;0
8010;Minacu;8;17;10;12;12;14;193;7;3;26;10;3;14;20;3;13;64;20;14;6;11;1;1;1;0;0;0;0;0
8024;Minacu;8;15;10;12;10;14;199;4;3;32;8;2;14;19;4;12;63;19;15;7;11;0;1;1;0;0;0;0;0
8036;Minacu;8;15;10;11;10;15;181;8;5;33;13;4;14;18;7;11;66;20;14;6;14;1;2;0;0;0;0;0;0
8020;Minacu;8;13;11;12;10;14;193;6;4;34;8;4;14;21;4;12;62;19;15;6;17;0;1;1;0;0;0;0;0
8017;Minacu;8;16;9;13;10;14;194;4;3;39;10;2;14;20;5;10;60;18;14;7;12;0;1;1;0;0;0;1;0
8019;Minacu;7;13;9;11;10;16;170;7;4;33;9;3;13;19;4;12;62;21;14;6;15;1;1;1;2;0;0;0;0
8052;Minacu;8;15;11;10;11;14;180;6;4;32;8;2;14;19;4;12;56;19;14;5;12;0;1;1;0;0;0;1;0
8012;Minacu;8;15;12;11;10;13;198;4;3;31;7;3;14;20;6;12;65;20;15;6;12;0;1;1;0;0;0;0;0
8007;Minacu;8;16;10;11;10;13;201;7;4;37;10;3;14;20;4;11;60;21;15;4;12;0;1;1;0;0;0;0;0
8013;Minacu;8;13;11;11;10;13;184;6;3;28;7;2;14;22;7;13;57;17;14;5;12;1;2;0;0;0;0;0;0
8058;Minacu;8;16;10;12;12;14;178;5;2;30;9;3;14;21;5;11;64;20;14;6;11;0;1;1;0;0;0;0;0
8021;Minacu;7;15;10;11;10;15;222;4;3;36;9;4;15;19;3;12;68;18;16;7;18;0;2;1;2;0;0;0;0
8029;Minacu;8;15;10;14;10;15;182;5;2;37;7;2;14;19;5;12;77;21;15;4;14;0;1;0;2;0;0;1;0
8016;Minacu;8;16;11;12;10;15;242;5;4;32;9;3;13;19;3;12;62;20;15;5;12;0;1;1;0;0;0;0;0
8009;Minacu;8;15;9;12;10;14;199;5;4;32;10;4;14;20;4;12;59;19;15;7;14;0;1;1;2;0;0;1;0
8046;Minacu;8;15;11;14;10;14;198;6;3;35;8;4;14;19;5;12;67;19;15;5;13;1;1;1;0;1;0;0;0
8015;Minacu;8;16;10;11;10;14;193;6;4;35;10;3;14;20;8;11;67;18;15;5;13;0;1;1;0;1;0;0;0
8043;Minacu;7;14;10;12;10;12;198;3;0;27;9;2;14;19;3;13;60;19;14;4;11;0;1;0;0;0;0;1;0
8056;Minacu;7;14;11;11;10;14;189;6;3;33;11;3;14;19;7;12;61;19;15;8;12;0;1;1;0;0;0;0;0
53160;Minacu;7;14;11;12;10;15;184;7;4;37;10;3;14;19;5;13;67;19;15;6;14;0;1;1;0;0;0;0;0
8014;Minacu;7;15;12;12;10;15;195;6;4;28;9;2;14;20;6;13;66;18;15;6;14;1;2;0;0;0;0;1;0
8011;Minacu;7;15;9;12;10;13;197;7;3;37;6;2;14;20;5;13;73;20;16;6;12;0;0;1;0;0;0;1;0
8047;Minacu;8;14;9;12;10;15;215;5;3;30;8;2;14;20;5;13;67;19;15;7;11;0;1;1;0;0;0;1;0
8023;Minacu;7;15;11;12;10;15;199;5;3;35;8;2;14;20;5;12;63;19;15;8;15;0;2;1;0;0;0;1;0
8018;Minacu;8;16;11;12;10;14;184;4;2;30;6;2;14;20;4;12;78;19;16;9;11;1;1;1;0;0;0;1;0
8045;Minacu;8;16;9;12;10;16;204;4;3;31;10;3;12;19;3;12;78;20;16;5;14;1;2;0;0;0;0;1;0
8034;Minacu;9;16;12;13;12;14;212;3;3;28;8;3;14;19;6;12;91;19;14;6;12;0;1;0;2;0;0;1;0
8028;Minacu;7;15;10;12;12;14;201;5;3;34;9;3;14;19;4;12;67;19;15;5;10;0;1;0;0;0;0;0;0
8026;Minacu;8;15;11;12;10;13;189;6;3;30;7;2;12;20;3;12;65;20;16;5;13;1;1;1;0;0;0;0;0
8051;Minacu;7;15;10;12;10;14;206;4;2;32;8;2;12;18;4;12;64;19;15;6;11;1;1;1;0;0;0;1;0
3086;Minacu;9;18;10;12;10;14;205;5;2;29;8;2;14;20;5;12;66;19;15;5;11;0;1;1;0;0;0;0;0
8025;Minacu;8;17;10;12;10;14;181;3;4;38;10;5;16;19;6;12;70;19;14;8;12;0;1;0;2;0;0;0;0
8044;Minacu;7;14;9;12;10;15;245;4;4;40;7;4;14;21;6;13;77;20;16;10;12;0;1;1;0;0;0;1;0
8033;Minacu;9;16;11;12;10;14;204;7;4;35;8;2;14;19;3;12;61;21;15;5;11;0;1;0;0;0;0;0;0
8040;Minacu;9;16;10;12;10;16;191;4;6;26;9;3;14;18;5;12;62;19;15;5;11;0;1;1;0;0;0;0;0
8048;Minacu;8;15;11;14;10;13;204;4;3;30;9;4;14;18;4;11;69;18;14;6;11;0;1;1;0;0;0;0;0
9498;Minacu;7;16;12;12;10;15;184;3;2;31;10;4;12;19;5;13;59;19;16;6;14;0;2;0;0;0;0;0;0
3023;Minacu;7;15;12;12;10;14;182;6;4;30;7;2;14;18;4;12;61;19;14;5;14;1;2;1;0;0;0;1;0
8032;Minacu;7;16;9;14;10;13;199;4;3;30;5;2;14;18;4;12;67;20;15;6;14;1;2;1;0;0;0;1;0
3032;Minacu;7;14;11;12;10;14;225;7;4;40;10;4;15;19;6;12;74;19;15;6;14;0;1;1;0;0;0;0;0
3088;Minacu;7;15;11;12;10;16;229;7;4;37;10;4;14;18;5;14;70;20;15;5;16;1;1;1;0;0;0;0;0
3129;Minacu;8;18;12;13;11;14;223;6;3;31;8;2;14;20;4;12;77;21;15;5;11;0;1;1;0;0;0;1;0
8054;Minacu;7;15;9;12;10;14;212;6;3;29;8;2;14;19;2;12;71;20;16;4;16;0;1;1;0;0;0;1;0
8053;Minacu;7;16;12;12;10;15;221;6;5;32;8;2;14;21;2;11;71;21;14;7;12;0;1;1;0;0;0;1;0
8059;Minacu;9;15;10;12;10;15;219;6;4;38;9;3;16;22;6;11;73;19;15;6;17;0;1;1;0;0;0;0;0
3013;Minacu;9;17;10;12;10;15;206;6;3;26;9;3;14;20;4;12;69;21;15;5;11;0;1;1;0;0;0;0;0
8041;Minacu;8;15;10;14;12;13;199;6;2;31;8;2;14;21;7;12;70;21;14;4;12;0;1;1;0;0;0;1;0
8030;Minacu;8;16;10;13;10;14;231;4;3;40;10;2;14;19;4;13;81;19;16;5;11;0;1;1;2;0;0;1;0
3060;Minacu;7;16;11;12;10;15;214;6;4;34;11;2;13;20;4;13;69;18;16;6;12;1;2;1;0;0;0;1;0
8055;Minacu;9;17;10;14;12;14;212;3;1;24;8;3;14;21;3;14;84;20;16;6;12;1;1;0;0;0;0;1;0
3033;Minacu;7;14;9;13;10;13;210;7;4;39;9;3;15;19;7;12;65;18;15;5;14;0;1;1;0;0;0;0;0
3098;Minacu;7;15;12;12;11;13;197;6;4;35;9;4;14;19;3;12;66;19;14;9;10;0;1;0;0;0;0;0;0
3095;Minacu;7;16;10;12;10;15;195;7;3;31;8;2;14;20;7;11;65;18;15;5;16;0;1;1;0;0;0;1;0
8057;Minacu;8;15;10;12;10;15;216;5;2;34;8;4;14;20;4;13;74;18;15;6;16;1;1;1;0;0;0;0;0
8049;Minacu;8;16;10;12;11;15;191;3;5;26;10;2;14;18;4;12;66;20;14;4;12;1;1;1;0;0;0;0;0
3132;Minacu;7;13;10;12;10;13;197;5;3;35;10;2;15;21;6;12;74;18;16;5;12;1;0;1;0;0;0;0;0
8027;Minacu;8;18;10;12;10;15;217;3;3;29;9;3;14;21;7;13;67;19;16;6;13;1;2;0;2;0;0;0;0
3036;Minacu;8;15;10;12;10;13;184;3;2;23;8;2;14;21;4;13;69;19;16;5;12;1;2;0;0;0;0;1;0
3078;Minacu;8;16;11;12;10;15;216;6;2;34;10;2;14;21;4;11;69;18;15;5;13;1;1;1;0;0;0;0;0
8022;Minacu;7;15;10;12;8;13;180;6;4;33;7;4;14;19;3;13;69;19;17;7;11;0;1;1;0;0;0;0;0
8008;Minacu;7;17;11;12;10;14;177;6;4;30;8;2;14;21;5;11;64;18;15;5;11;0;1;1;0;0;0;1;0
3100;Minacu;8;14;11;12;10;15;194;4;4;30;9;3;14;20;4;12;64;19;16;5;15;0;1;1;0;0;0;0;0
3127;Minacu;8;15;10;12;10;14;187;4;3;29;9;2;14;21;5;13;68;20;16;7;15;1;1;1;0;0;0;0;0
3075;Minacu;8;16;10;13;10;14;171;4;4;31;10;4;14;19;4;11;61;19;15;5;14;0;1;1;2;1;0;0;0
3042;Minacu;8;15;9;12;10;14;162;10;6;38;10;2;14;20;4;13;64;18;16;6;13;1;1;1;0;0;0;0;0
3130;Minacu;7;17;10;12;10;14;155;4;3;31;9;4;14;18;6;12;52;20;14;4;13;0;1;1;2;0;0;0;0
3034;Minacu;8;17;11;12;10;14;147;6;4;28;9;4;14;18;3;11;58;22;13;5;11;0;1;1;0;0;0;1;0
3105;Minacu;8;15;10;11;10;14;161;7;3;31;9;4;14;19;2;12;66;18;14;6;10;1;1;1;0;0;0;0;0
3119;Minacu;7;15;9;12;10;14;146;5;3;34;9;5;15;18;5;12;56;19;17;7;11;1;1;1;2;1;0;0;0
3082;Minacu;8;16;9;12;10;15;147;5;4;32;10;5;14;21;4;11;54;19;15;6;13;1;1;0;2;0;0;0;0
3068;Minacu;8;16;11;12;11;15;154;6;3;31;9;3;14;20;6;12;59;20;16;7;14;1;2;1;0;0;0;0;0
3052;Minacu;8;15;9;10;8;13;235;7;3;40;8;3;14;18;4;12;58;20;14;5;12;1;1;1;0;0;0;1;0
3058;Minacu;6;16;12;12;10;13;147;6;5;38;9;5;14;18;4;11;51;18;15;5;13;0;1;0;2;0;0;0;0
3112;Minacu;7;14;10;12;10;14;145;7;3;31;9;4;14;17;3;12;58;20;15;5;13;0;1;1;2;0;0;0;0
3040;Minacu;7;16;9;12;10;13;145;7;4;29;9;5;13;18;5;12;56;19;16;6;12;0;1;1;0;0;0;0;0
3110;Minacu;7;17;11;10;9;13;154;5;3;30;7;2;14;16;4;12;63;21;16;5;0;1;1;1;0;0;0;2;1
3104;Minacu;7;15;10;12;11;13;147;6;4;36;9;2;14;18;4;12;58;21;17;6;10;0;1;1;0;0;0;0;0
3063;Minacu;7;14;9;12;10;12;161;6;4;31;7;2;13;19;5;12;58;18;15;4;14;1;1;1;0;0;0;0;0
3114;Minacu;7;11;10;11;10;12;157;4;3;33;7;4;14;18;3;11;60;21;14;4;11;0;1;1;0;0;0;0;0
3071;Minacu;7;15;9;12;10;12;166;7;4;36;8;3;14;17;4;12;55;19;14;3;11;0;1;1;2;0;0;0;0
864;Mineiros;8;14;11;12;10;13;206;4;3;38;10;3;14;19;3;12;74;20;14;5;13;1;2;0;0;0;0;0;0
53068;MonteAlegre;9;15;12;12;10;16;305;7;6;47;11;4;14;20;7;12;92;19;16;6;13;0;1;0;0;0;0;2;0
53066;MonteAlegre;9;16;12;10;10;15;212;4;4;38;6;2;14;20;7;12;81;20;15;7;13;0;1;1;2;0;0;2;0
53051;MonteAlegre;9;17;10;10;8;16;246;6;3;39;12;4;14;17;7;12;78;20;17;6;13;0;1;0;0;0;0;1;0
53083;MonteAlegre;9;15;11;10;10;16;229;4;4;38;6;2;13;19;8;13;85;20;15;7;13;0;1;0;2;1;0;1;0
53059;MonteAlegre;9;16;10;10;10;15;248;5;4;37;11;4;14;19;8;14;85;19;15;6;12;0;1;0;2;0;0;1;0
53078;MonteAlegre;8;15;10;10;9;15;231;4;6;32;8;3;14;18;11;12;84;18;15;8;13;0;1;0;2;0;0;1;0
53054;MonteAlegre;9;17;11;12;10;16;253;6;4;41;12;2;14;20;7;12;84;20;15;7;12;0;1;1;0;0;0;1;0
53082;MonteAlegre;8;15;11;10;10;16;282;5;2;42;11;3;14;21;6;13;80;20;15;6;12;0;1;1;2;0;0;1;0
53074;MonteAlegre;9;15;10;12;10;16;245;5;5;32;0;0;14;21;6;12;86;20;14;8;13;0;2;0;2;1;1;2;0
53084;MonteAlegre;8;12;12;9;10;17;254;4;5;40;0;0;14;21;7;13;86;20;15;8;16;0;1;1;2;0;1;2;0
53075;MonteAlegre;9;15;9;10;10;17;231;7;5;39;8;2;14;20;6;13;80;19;16;7;13;0;1;1;2;0;0;1;0
53058;MonteAlegre;9;17;9;10;10;17;263;4;4;38;9;2;14;21;8;12;85;20;14;10;12;0;1;0;2;0;0;1;0
53077;MonteAlegre;9;16;10;10;9;13;274;6;4;43;11;3;14;19;6;12;82;20;15;7;11;0;1;1;2;0;0;0;0
53076;MonteAlegre;10;15;11;10;10;15;266;6;4;39;8;3;14;20;5;12;88;21;15;6;11;0;1;1;2;0;0;2;0
53080;MonteAlegre;9;16;10;10;8;15;255;8;5;43;9;2;14;21;6;12;76;18;15;6;12;0;1;1;2;1;0;1;0
53060;MonteAlegre;9;15;11;10;8;16;248;5;4;41;9;2;14;20;7;12;82;19;14;6;14;0;1;0;0;0;0;1;0
53062;MonteAlegre;9;16;9;11;10;16;269;4;4;42;9;2;14;21;6;13;91;21;11;5;12;0;1;0;0;0;0;1;0
53057;MonteAlegre;8;15;10;10;10;15;249;8;4;39;9;2;14;21;7;12;75;20;15;7;14;0;1;1;0;0;0;2;0
53071;MonteAlegre;9;15;11;8;8;15;251;6;5;38;11;2;15;21;6;12;89;19;16;7;11;0;1;1;0;0;0;2;0
53052;MonteAlegre;9;17;10;10;9;16;256;6;5;41;11;3;14;20;6;13;87;19;17;8;10;0;1;1;0;0;0;1;0
53085;MonteAlegre;9;15;11;9;10;15;271;6;4;38;13;3;14;22;5;11;86;19;16;8;12;0;2;0;2;0;0;2;0
53055;MonteAlegre;9;16;11;9;10;16;251;6;7;42;8;2;14;19;5;12;81;21;15;8;10;0;1;0;2;0;0;2;0
53061;MonteAlegre;9;16;10;12;10;16;253;6;7;49;10;2;14;20;7;13;89;21;16;10;13;0;1;1;2;0;0;0;0
53073;MonteAlegre;9;15;10;10;8;16;245;8;5;40;10;5;14;19;6;13;72;20;15;8;12;0;1;1;0;0;0;0;0
53063;MonteAlegre;10;15;9;10;8;16;234;6;3;40;10;5;14;22;5;12;83;21;15;6;13;0;1;1;2;0;0;0;0
53069;MonteAlegre;10;15;9;8;8;16;248;4;5;40;9;5;14;21;7;13;82;21;15;11;14;0;1;1;0;0;0;1;0
53064;MonteAlegre;9;16;10;10;8;17;282;6;5;37;9;5;14;21;9;11;88;20;15;6;13;0;1;0;2;0;0;0;0
53079;MonteAlegre;9;15;9;11;9;15;245;4;4;39;10;4;14;21;6;14;80;17;16;8;13;0;1;0;2;0;0;0;0
53053;MonteAlegre;10;14;9;10;8;15;255;3;4;40;12;4;14;21;7;12;87;20;16;8;16;0;1;1;2;0;0;0;0
53072;MonteAlegre;9;16;11;10;8;16;230;4;3;40;11;4;14;23;6;12;68;19;14;7;15;0;1;1;2;0;0;0;0
53081;MonteAlegre;11;16;9;10;8;15;253;6;4;37;11;5;13;21;8;12;89;20;15;7;10;0;1;1;2;0;0;0;0
53067;MonteAlegre;9;15;11;10;9;15;255;4;3;34;9;5;14;20;6;12;88;19;15;6;12;0;1;1;2;0;0;0;0
53070;MonteAlegre;10;17;10;10;10;16;255;5;4;36;10;5;14;20;6;13;86;21;16;7;13;0;1;0;2;1;0;0;0
53056;MonteAlegre;10;16;11;10;8;13;265;6;4;39;11;5;14;21;7;13;84;21;14;7;12;0;2;0;2;0;0;0;0
53065;MonteAlegre;9;15;12;8;8;16;242;6;4;43;11;5;12;20;6;12;89;21;16;7;12;0;1;0;2;0;0;0;0
69370;MonteAlegre;6;15;10;12;10;12;172;7;4;38;7;2;14;20;6;12;56;19;15;7;16;1;2;1;0;0;0;1;0
77824;Niquelandia;8;16;10;12;10;12;152;7;4;36;8;4;14;19;5;11;60;22;15;4;10;1;1;1;2;0;0;0;0
90093;Niquelandia;7;14;9;12;10;13;175;5;4;35;10;4;14;21;5;10;64;22;16;3;16;1;1;1;0;0;0;0;0
90095;Niquelandia;6;16;11;12;10;13;176;6;5;32;9;3;13;18;4;11;67;19;14;6;14;1;1;1;2;0;0;1;0
90094;Niquelandia;6;14;9;11;10;10;179;6;2;33;7;4;14;17;4;12;58;20;16;5;13;1;2;0;0;0;0;0;0
80154;NovaRoma;7;16;11;12;12;14;148;6;4;35;9;3;14;21;4;12;67;22;16;7;11;0;2;1;2;0;0;0;0
55880;NovaXavantina;8;15;11;12;10;14;190;6;4;38;9;3;14;19;3;11;70;22;14;9;12;1;0;1;0;0;0;0;0
55883;NovaXavantina;7;16;11;12;9;11;195;6;4;44;8;3;11;17;5;11;65;20;15;6;12;1;1;1;2;0;0;1;0
55886;NovaXavantina;7;13;9;12;11;14;196;7;4;36;8;3;12;16;5;12;61;22;14;5;14;1;1;0;0;0;0;1;0
55882;NovaXavantina;7;13;12;12;10;15;198;7;4;42;8;3;14;16;6;11;60;21;14;5;16;0;1;1;2;0;0;0;0
55881;NovaXavantina;8;16;10;12;10;13;176;6;4;35;7;3;14;17;5;12;60;21;15;5;12;1;0;0;0;0;0;1;0
55888;NovaXavantina;8;15;13;10;10;14;189;7;4;35;9;5;14;20;7;12;72;19;14;5;17;1;1;1;0;0;0;0;0
55889;NovaXavantina;8;14;12;11;10;15;181;6;5;39;5;3;14;18;5;12;69;20;14;5;10;1;1;0;0;0;0;2;0
55884;NovaXavantina;8;15;9;11;10;14;225;8;4;36;10;4;13;20;5;12;61;22;15;7;11;1;1;1;0;0;0;1;0
55890;NovaXavantina;8;15;10;11;10;15;201;9;4;40;10;4;14;17;3;12;66;21;15;7;10;1;1;0;2;0;0;1;0
55887;NovaXavantina;8;15;12;11;10;15;194;6;4;38;9;3;14;18;4;13;66;22;16;5;14;1;1;1;0;0;0;1;0
55885;NovaXavantina;8;14;12;12;10;14;222;6;5;36;10;4;14;17;6;11;62;22;13;5;11;1;1;1;0;0;0;1;0
11200;Palmas;8;13;10;12;10;15;222;6;3;44;10;3;14;23;9;12;73;20;11;7;15;0;1;1;2;0;0;1;0
25089;Palmas;8;13;8;12;10;16;218;7;4;42;10;5;14;26;5;11;67;18;11;4;12;1;1;0;2;1;0;1;0
11506;Palmas;8;15;10;13;10;16;219;6;3;42;10;3;15;22;5;13;74;19;12;5;12;0;1;1;2;0;0;1;0
11174;Palmas;8;17;11;12;10;16;221;4;4;44;12;4;14;18;6;12;65;19;11;8;12;0;1;0;2;0;0;0;0
11176;Palmas;7;13;11;12;10;15;215;4;4;40;11;4;14;22;4;13;71;22;11;6;15;0;1;1;0;0;0;0;0
11203;Palmas;7;16;10;12;10;14;196;4;5;32;9;5;14;21;3;13;81;19;13;5;13;0;1;1;0;0;0;0;0
11503;Palmas;7;16;10;12;10;17;210;6;4;41;10;4;14;19;5;13;74;19;16;8;13;0;2;0;2;0;0;0;0
11513;Palmas;9;16;11;12;10;17;220;7;4;39;11;4;14;21;5;12;78;21;14;7;11;0;1;0;2;0;0;0;0
11186;Palmas;8;14;10;11;9;16;214;7;4;48;9;5;14;22;4;12;79;20;13;7;14;0;1;1;2;0;0;1;0
11182;Palmas;7;15;12;12;10;15;215;7;4;43;10;4;14;21;8;11;79;20;14;7;13;0;1;0;0;0;0;1;0
11177;Palmas;8;17;10;12;10;16;256;4;4;38;12;3;14;23;4;13;78;19;16;7;16;0;1;1;2;0;0;0;0
11188;Palmas;7;15;10;12;10;16;216;7;4;48;11;5;14;23;4;12;79;21;14;7;15;0;1;1;2;0;0;0;0
11202;Palmas;7;16;10;12;10;17;214;6;4;38;10;5;14;22;3;14;76;21;15;7;14;0;1;1;2;0;0;0;0
11179;Palmas;8;18;11;14;11;17;219;6;5;38;11;4;14;20;7;12;83;21;14;7;12;0;1;1;2;0;0;1;0
11189;Palmas;9;16;12;13;10;16;231;6;3;42;10;4;14;22;4;12;77;23;14;9;12;0;1;1;0;0;0;0;0
11515;Palmas;8;16;10;12;10;15;215;5;3;39;10;4;14;19;4;11;77;23;15;6;12;0;1;0;2;0;0;0;0
11183;Palmas;8;17;10;12;10;15;233;7;5;39;11;5;14;22;3;12;78;20;14;8;13;0;1;1;2;0;0;0;0
11505;Palmas;9;17;10;14;10;16;236;4;4;39;9;5;14;21;6;12;83;21;14;9;10;0;1;1;2;0;0;0;0
11173;Palmas;8;16;11;12;9;15;236;6;3;41;10;4;14;22;5;12;62;20;14;12;11;0;1;0;2;0;0;1;0
24654;Palmas;9;16;11;11;10;16;206;7;4;37;10;4;14;20;6;11;69;21;14;8;12;1;1;1;2;0;0;1;0
11175;Palmas;9;17;11;13;10;16;221;4;3;41;11;4;13;21;4;13;78;22;14;8;11;0;1;1;2;0;0;0;0
11511;Palmas;8;16;11;12;10;16;236;5;4;38;9;4;14;21;5;13;85;22;15;7;10;0;1;1;2;0;0;0;0
11504;Palmas;8;16;10;13;10;15;222;6;5;41;11;5;14;20;5;12;83;21;14;10;13;0;1;0;0;0;0;0;0
11180;Palmas;8;15;11;11;9;16;212;7;4;39;8;3;14;20;9;12;67;21;15;6;15;0;2;0;0;0;0;1;0
11509;Palmas;8;15;10;11;10;17;236;6;5;44;9;4;14;24;4;12;82;19;15;10;14;0;1;1;2;0;0;1;0
11514;Palmas;9;17;11;12;9;15;223;6;4;40;10;3;13;21;4;13;82;21;15;7;12;0;1;1;2;0;0;0;0
11512;Palmas;8;14;9;12;11;16;204;4;4;45;12;5;15;22;7;12;85;21;14;8;13;0;1;0;2;0;0;1;0
11178;Palmas;8;17;11;14;12;17;248;5;4;35;11;5;14;23;4;13;92;21;14;11;11;0;1;1;2;0;0;0;0
25090;Palmas;8;16;11;12;10;17;225;4;4;38;9;3;14;22;9;11;78;20;14;7;12;0;1;0;2;0;0;1;0
11201;Palmas;8;15;11;12;11;15;216;6;4;44;10;5;14;19;6;12;73;22;14;8;10;0;1;1;2;0;0;1;0
11502;Palmas;8;16;10;13;10;16;239;6;4;42;12;5;14;23;5;12;68;23;16;7;13;0;1;0;2;0;0;0;0
11507;Palmas;7;16;9;12;8;16;197;6;3;36;13;6;14;22;6;15;74;22;16;11;14;0;1;1;2;0;0;0;0
11181;Palmas;8;16;13;11;10;16;218;6;4;37;13;5;13;20;8;11;73;22;15;6;12;0;1;1;2;0;0;0;0
11184;Palmas;8;15;13;12;10;16;243;4;5;36;12;4;12;19;5;12;76;22;14;6;15;0;1;0;2;0;0;0;0
11204;Palmas;8;16;10;12;10;16;197;6;4;39;12;3;13;22;3;12;82;21;13;7;12;0;1;0;0;0;0;1;0
11510;Palmas;8;16;10;12;10;16;215;5;3;44;9;3;14;20;4;13;78;22;15;5;15;0;1;1;0;0;0;1;0
11187;Palmas;8;16;10;12;10;16;227;6;3;43;11;4;14;23;6;13;83;22;14;8;12;0;1;1;2;0;0;1;0
11199;Palmas;8;17;10;12;10;17;196;6;3;39;13;3;14;23;4;13;74;21;16;6;12;0;1;1;2;0;0;0;0
14555;Palmas;8;16;10;12;10;15;233;8;5;39;9;5;14;18;4;12;70;23;14;9;13;0;1;1;2;0;0;0;0
12440;Palmas;8;16;11;12;10;15;209;4;4;44;10;6;13;25;3;11;75;19;14;10;10;0;1;0;2;0;0;0;0
12439;Palmas;8;18;9;12;11;16;199;6;4;42;12;6;14;22;3;13;71;22;16;8;14;0;1;0;1;0;0;0;0
12437;Palmas;7;16;12;12;10;16;213;5;3;33;11;7;14;25;7;11;77;21;14;15;12;0;1;1;2;0;0;0;0
11508;Palmas;9;17;10;12;9;16;234;4;3;40;12;6;13;21;6;13;87;22;15;9;13;0;1;0;2;0;0;0;0
11185;Palmas;8;15;11;12;11;16;219;6;4;36;9;6;14;21;7;13;79;22;17;9;15;1;1;0;2;0;0;1;0
87119;Palmas;7;15;8;12;10;13;181;7;4;36;8;3;14;20;8;12;63;18;14;3;14;1;2;1;0;0;0;1;0
87120;Palmas;6;16;11;12;10;13;163;8;5;47;9;4;14;21;6;11;66;22;14;6;14;0;1;1;0;0;0;0;0
87121;Palmas;7;16;11;12;10;13;165;4;4;34;9;4;14;19;6;12;75;19;15;6;13;0;1;0;2;0;0;0;0
37093;Parana;10;13;12;10;10;15;280;6;5;42;7;3;14;20;8;11;93;21;16;11;11;0;1;0;0;0;0;1;0
37090;Parana;9;15;11;10;9;16;271;3;4;45;5;2;16;21;7;12;92;21;15;9;13;0;1;1;2;1;0;1;0
33548;Parana;7;15;10;10;9;16;265;7;4;41;10;3;14;21;7;11;85;20;15;8;16;0;1;1;0;0;0;0;0
33581;Parana;7;16;10;12;9;14;284;7;5;43;10;2;14;21;5;12;86;20;15;11;12;1;1;0;2;0;0;1;0
33542;Parana;7;15;9;10;8;14;267;6;6;42;9;3;14;21;6;11;85;20;15;7;12;0;1;0;0;1;0;1;0
33549;Parana;7;15;10;10;10;16;276;6;5;45;10;2;14;19;5;12;83;18;15;7;13;0;1;0;2;1;0;2;0
37116;Parana;8;15;10;10;9;15;257;9;6;42;9;2;14;21;7;13;87;18;16;7;18;0;2;1;2;0;0;1;0
37123;Parana;7;16;10;10;10;14;186;9;5;33;11;4;14;22;8;13;77;19;15;7;13;0;1;1;2;1;0;0;0
37128;Parana;9;15;10;10;8;15;220;6;4;41;8;3;14;18;6;12;75;19;16;7;13;0;1;1;0;0;0;1;0
33540;Parana;8;15;10;10;9;15;264;4;4;43;10;2;14;22;6;13;82;21;15;11;12;0;1;1;2;1;0;1;0
37088;Parana;7;13;9;10;8;14;227;7;6;41;5;2;14;19;7;12;80;21;14;6;13;0;1;0;2;0;0;1;0
33570;Parana;8;14;11;10;10;15;245;4;4;39;9;2;14;21;5;11;84;20;15;4;14;0;1;0;2;0;0;1;0
33553;Parana;7;14;10;10;10;16;247;4;4;42;6;2;14;21;6;12;82;19;15;8;18;0;1;0;2;1;0;1;0
33544;Parana;8;14;9;10;10;14;262;3;3;44;7;2;14;21;8;12;87;20;14;7;10;0;1;1;0;1;0;1;0
33561;Parana;7;14;11;10;8;14;235;7;5;41;6;2;14;20;7;14;84;20;16;7;13;0;1;0;2;0;0;1;0
33569;Parana;7;14;11;10;9;14;274;8;4;44;11;2;14;21;7;12;82;19;15;7;11;0;1;1;2;1;0;1;0
33537;Parana;9;16;11;10;9;14;255;6;4;43;10;2;14;21;5;13;82;20;15;11;12;0;1;1;0;0;0;1;0
33539;Parana;8;14;9;10;8;14;232;5;4;44;7;2;15;19;7;12;84;20;15;8;12;0;1;0;0;0;0;1;0
37126;Parana;8;15;12;10;10;15;255;5;4;41;10;2;14;19;8;13;93;21;15;11;13;0;1;1;0;0;0;0;0
33541;Parana;8;16;10;10;10;16;254;6;4;42;11;4;14;20;8;12;77;19;14;6;12;0;1;1;0;0;0;1;0
37125;Parana;8;13;10;10;10;14;252;5;5;43;10;3;14;20;6;12;73;20;12;10;11;0;1;1;0;0;0;1;0
33545;Parana;8;14;11;10;8;14;242;3;4;45;8;2;14;19;7;13;79;21;16;8;14;0;1;1;2;0;0;2;0
33550;Parana;9;17;12;12;8;16;282;5;5;44;12;3;14;21;7;12;83;20;16;8;10;0;1;1;2;0;0;1;0
33558;Parana;8;15;9;10;10;13;227;6;3;41;8;2;14;20;4;12;80;21;14;7;10;0;1;1;2;0;0;1;0
33536;Parana;8;15;10;10;8;12;247;8;4;41;12;3;14;21;7;11;67;19;13;8;11;0;1;0;0;0;0;1;0
37115;Parana;9;15;11;9;8;15;278;6;5;42;9;2;14;20;8;13;79;21;16;6;14;0;1;1;0;0;0;0;0
37111;Parana;8;15;12;10;10;17;257;7;4;43;11;3;14;22;6;13;84;20;15;8;14;0;1;1;2;0;0;0;0
37132;Parana;8;15;11;10;8;14;240;6;4;41;7;4;15;19;7;12;86;21;15;8;17;0;1;1;0;0;0;0;0
37098;Parana;8;14;10;8;8;13;238;7;5;41;8;4;14;21;6;11;80;20;15;8;11;0;1;1;0;1;0;1;0
33551;Parana;8;15;9;10;8;15;257;4;3;44;12;2;14;21;7;11;81;23;15;6;11;0;1;0;2;0;0;1;0
37118;Parana;7;14;10;10;9;15;275;7;5;46;9;3;14;21;7;12;82;19;15;6;17;0;1;1;2;0;0;1;0
37089;Parana;8;13;14;10;8;16;258;5;4;40;9;4;14;20;7;11;76;19;14;7;11;0;1;0;2;0;0;0;0
33563;Parana;8;16;10;10;8;14;260;10;3;43;9;3;14;21;5;11;73;17;14;7;11;0;1;0;2;0;0;1;0
37086;Parana;7;15;11;9;8;15;272;5;3;41;8;3;14;21;8;13;71;18;16;6;14;0;1;1;0;0;0;0;0
33568;Parana;8;14;11;10;10;15;264;6;3;43;9;4;14;22;5;12;78;20;14;7;12;0;1;1;2;1;0;1;0
37103;Parana;7;13;10;10;9;12;254;3;3;43;0;0;14;19;8;13;78;20;15;6;16;0;1;0;2;0;0;0;0
37096;Parana;8;14;10;10;9;16;238;5;5;37;11;5;14;18;5;12;79;20;16;8;15;0;1;1;2;0;0;0;0
37114;Parana;9;14;9;10;8;13;205;7;5;40;9;5;14;21;6;12;82;19;14;8;17;0;1;0;2;0;0;0;0
33559;Parana;8;14;10;10;8;12;263;7;4;47;11;3;13;22;5;12;79;20;16;11;12;0;1;1;0;0;0;1;0
37109;Parana;8;15;11;9;8;14;234;5;5;41;9;3;14;22;8;12;73;19;16;8;17;0;1;0;2;0;0;0;0
37121;Parana;8;17;11;10;9;16;263;7;3;41;11;3;14;21;7;13;81;20;16;11;13;0;1;1;0;0;0;0;0
37094;Parana;7;15;10;10;9;16;253;6;3;45;10;4;14;19;7;13;82;20;17;10;12;0;1;1;0;0;0;0;0
37091;Parana;8;15;9;10;10;16;235;7;4;42;10;4;14;22;7;12;80;22;16;7;12;0;1;1;2;0;0;1;0
37104;Parana;8;15;10;10;8;15;252;3;4;41;9;4;14;21;5;13;86;19;17;9;14;0;1;1;0;0;0;0;0
33547;Parana;8;14;10;10;8;15;245;7;4;40;10;4;14;21;5;11;86;19;16;7;12;0;1;1;2;0;0;0;0
33564;Parana;9;14;12;10;10;16;246;6;5;42;10;4;14;21;7;12;77;21;15;7;14;0;1;1;2;0;0;1;0
33572;Parana;8;14;10;10;10;15;254;5;4;41;6;2;14;21;7;13;87;20;16;10;11;0;1;1;2;1;0;2;0
37095;Parana;8;14;9;10;8;16;224;6;4;42;7;2;12;20;8;12;82;19;15;11;15;0;1;1;0;0;0;1;0
37130;Parana;8;15;9;10;8;14;246;3;5;42;9;4;13;20;7;12;90;20;16;7;13;0;1;0;2;0;0;0;0
37120;Parana;7;16;12;10;8;14;256;8;4;45;10;4;14;19;8;13;73;20;15;7;12;0;1;1;0;0;0;1;0
37124;Parana;7;15;9;10;8;16;228;5;5;41;10;4;14;20;5;12;81;19;16;8;15;0;1;1;0;0;0;1;0
37131;Parana;8;14;10;10;10;16;243;7;3;43;9;4;14;21;7;12;73;21;14;9;17;0;1;0;2;0;0;0;0
37100;Parana;7;14;10;9;8;14;234;5;4;44;13;4;14;20;8;13;76;21;16;11;12;0;1;1;2;1;0;0;0
33576;Parana;9;14;10;10;8;15;246;9;4;39;8;2;14;21;5;11;85;20;16;6;16;1;1;1;2;0;0;1;0
37087;Parana;8;15;11;10;8;16;253;7;5;43;11;4;14;20;7;12;75;21;17;7;14;0;1;1;2;0;0;0;0
37112;Parana;7;15;10;10;9;14;237;5;4;46;12;4;16;21;5;12;79;21;15;8;14;0;1;1;2;0;0;0;0
37117;Parana;8;14;11;10;8;14;238;8;5;41;8;2;14;19;6;11;74;21;15;8;10;0;1;1;0;0;0;1;0
37108;Parana;8;14;10;10;9;14;250;8;5;40;11;4;14;19;7;12;73;20;14;6;16;0;1;0;0;0;0;1;0
33567;Parana;9;15;10;10;9;14;259;8;5;46;11;2;14;22;6;12;76;19;15;8;10;0;1;0;0;0;0;1;0
37085;Parana;8;16;10;10;10;14;244;7;5;41;10;2;14;22;9;13;76;20;15;8;14;0;1;1;0;0;0;1;0
37119;Parana;7;15;12;11;10;13;229;4;4;43;0;0;14;20;7;12;77;20;15;11;13;0;1;0;0;0;1;2;0
33575;Parana;8;15;10;11;10;14;253;7;6;41;11;4;14;21;6;12;79;19;15;8;14;0;1;0;2;0;0;1;0
37127;Parana;7;15;10;10;10;15;236;6;4;43;7;2;14;21;7;12;75;19;15;7;16;0;1;1;0;0;0;1;0
37106;Parana;9;14;12;10;10;16;233;6;6;37;11;3;14;20;5;12;77;20;16;6;14;0;1;0;0;0;0;1;0
37092;Parana;7;14;12;10;10;14;235;6;3;40;6;2;13;21;6;12;76;19;15;6;17;0;1;1;2;0;0;1;0
33580;Parana;7;14;10;10;8;13;251;9;4;43;13;4;14;21;7;12;76;20;16;8;12;0;1;1;2;0;0;1;0
37110;Parana;8;14;10;9;8;14;231;8;4;42;9;3;14;19;5;13;78;19;17;6;12;0;1;1;2;0;0;1;0
37122;Parana;8;16;10;10;8;15;231;4;3;39;7;2;14;19;8;11;69;19;15;7;13;0;1;0;0;0;0;1;0
33557;Parana;8;14;10;10;10;15;263;5;5;38;6;2;14;19;7;13;76;19;17;9;14;1;1;1;2;0;0;1;0
37105;Parana;9;16;11;10;8;13;258;6;4;41;8;4;14;21;7;12;75;20;14;11;12;0;1;1;0;0;0;1;0
37113;Parana;7;16;10;10;10;16;258;7;6;41;11;4;14;19;7;12;80;19;14;7;14;0;1;0;0;0;0;1;0
37107;Parana;7;15;10;10;9;15;237;4;2;44;12;2;14;21;5;12;74;21;16;8;12;0;1;1;0;0;0;1;0
33577;Parana;7;15;10;10;10;15;239;5;4;43;9;3;14;22;5;12;78;20;14;11;13;0;1;1;2;1;0;1;0
37138;Parana;8;15;10;10;10;16;227;6;6;42;11;5;14;20;6;11;78;21;14;6;12;0;1;1;0;0;0;0;0
37129;Parana;7;15;10;10;8;14;237;5;4;42;8;2;14;20;7;12;79;20;14;6;14;0;1;1;2;0;0;1;0
37097;Parana;7;16;9;10;8;16;229;7;6;42;7;2;14;20;6;13;76;19;14;7;14;0;1;1;2;0;0;1;0
37133;Parana;8;15;10;10;8;15;228;4;4;35;11;4;14;18;6;12;75;21;15;7;10;0;1;0;0;0;0;0;0
37137;Parana;7;15;10;10;9;14;228;7;7;38;12;5;13;19;7;12;76;19;14;8;12;0;1;0;2;0;0;0;0
37135;Parana;7;13;10;9;8;14;221;7;3;44;12;5;14;20;6;14;72;19;15;8;16;0;1;0;2;0;0;0;0
37099;Parana;7;14;11;10;9;15;245;7;4;45;11;4;14;20;6;12;78;20;15;8;13;0;1;1;0;0;0;1;0
37134;Parana;8;16;12;10;8;14;225;7;5;44;11;5;14;21;6;12;77;21;16;7;14;0;1;1;2;0;0;0;0
33582;Parana;7;15;12;9;8;14;265;5;4;42;12;5;14;20;6;11;81;20;14;8;6;0;1;0;2;1;0;0;0
37136;Parana;7;14;10;10;9;14;236;6;3;43;12;5;14;20;6;13;71;21;16;7;15;0;1;0;2;1;0;0;0
37101;Parana;7;15;10;8;8;14;261;7;4;44;11;4;14;21;7;12;78;19;14;6;16;0;1;1;2;0;0;0;0
33579;Parana;7;13;10;9;8;14;222;3;3;42;12;4;14;20;7;15;72;21;16;10;15;0;1;0;2;1;0;0;0
37102;Parana;7;15;9;10;8;14;221;4;5;42;10;5;14;19;7;12;75;19;14;8;11;0;1;0;2;0;0;0;0
33573;Parana;8;14;11;9;8;15;282;7;4;38;8;3;14;20;9;12;73;19;16;6;15;0;1;0;2;0;0;1;0
50829;PedroAfonso;7;15;10;12;10;15;241;5;3;36;11;2;14;22;5;12;78;19;14;6;12;1;1;1;0;0;1;1;0
50830;PedroAfonso;9;16;11;10;10;13;214;6;4;33;10;2;14;17;4;12;73;21;15;5;12;1;1;0;0;0;0;1;0
52612;Peixe;7;15;10;11;10;15;233;5;4;45;11;3;14;17;7;11;63;21;12;6;11;0;1;0;0;0;0;1;0
52610;Peixe;7;16;9;12;10;14;237;6;4;45;10;2;14;19;7;11;70;20;14;7;11;1;1;1;0;0;0;1;0
52609;Peixe;7;15;10;12;10;12;201;6;4;38;10;3;14;17;6;11;68;22;16;5;15;0;1;1;2;0;0;0;0
52608;Peixe;7;15;11;11;10;13;235;7;4;44;10;2;14;18;5;11;71;19;16;7;12;0;1;1;2;0;0;1;0
52607;Peixe;8;14;13;10;8;16;215;6;4;38;9;2;12;18;6;13;74;19;15;5;12;1;1;1;0;0;0;1;0
91509;Peixe;7;17;10;11;10;14;175;8;4;38;10;4;14;20;5;12;55;19;15;4;14;1;2;0;2;0;0;0;0
91511;Peixe;7;15;11;10;10;15;176;6;4;39;9;4;14;19;6;10;60;20;15;9;14;1;1;0;2;0;0;0;0
91510;Peixe;7;16;11;12;10;14;184;7;4;43;6;3;14;16;9;11;56;21;14;5;11;0;1;0;2;0;0;1;0
89577;Peixe;7;13;11;12;10;13;178;7;5;41;10;4;14;20;6;12;49;19;17;6;13;0;1;1;0;0;0;0;0
89579;Peixe;8;15;11;12;10;13;196;7;4;41;10;4;14;20;8;14;56;21;16;6;13;0;1;1;0;0;0;0;0
89578;Peixe;7;17;9;12;10;13;186;7;4;38;11;5;14;18;7;11;61;21;15;6;11;0;1;0;0;0;0;0;0
89581;Peixe;7;15;10;11;10;11;164;4;4;42;7;2;14;20;7;12;62;18;15;5;11;1;1;0;2;0;0;0;0
89580;Peixe;7;16;11;12;10;11;187;6;3;39;10;5;14;17;7;13;66;21;17;6;11;0;1;0;0;0;0;0;0
89576;Peixe;8;16;10;12;10;14;165;10;5;42;11;4;14;20;10;12;72;21;14;6;15;1;1;1;0;0;0;0;0
88728;Peixe;7;17;10;12;10;12;198;7;5;41;11;4;14;20;7;11;61;20;15;6;14;1;1;0;2;0;0;0;0
88730;Peixe;8;15;10;10;10;13;196;6;4;42;9;3;15;19;7;12;64;20;15;6;11;0;1;1;2;0;0;1;0
88729;Peixe;8;15;14;12;11;14;197;7;3;43;6;3;14;21;7;13;59;20;14;4;10;0;1;1;0;0;0;1;0
88731;Peixe;7;14;10;10;10;13;169;7;5;37;8;3;14;18;5;11;61;18;15;9;11;0;1;1;0;0;0;1;0
96288;Peixe;7;15;10;12;10;12;169;6;4;38;8;3;14;20;6;12;60;21;15;8;8;1;1;1;0;1;0;1;0
96286;Peixe;7;16;10;12;9;13;170;6;4;37;9;3;14;16;9;12;65;16;15;8;15;1;1;1;0;0;0;0;0
96292;Peixe;8;15;9;12;10;13;189;6;4;44;9;4;14;19;6;11;60;18;14;6;12;0;1;1;0;0;0;0;0
96284;Peixe;7;16;9;10;8;13;186;7;4;35;9;4;14;20;5;13;58;18;14;6;16;1;1;1;0;0;0;0;0
96290;Peixe;7;16;11;11;10;12;194;7;4;36;9;4;14;20;6;11;59;19;16;7;14;1;1;0;0;0;0;0;0
96289;Peixe;7;16;9;12;8;12;193;4;3;47;10;4;14;18;7;14;69;20;16;5;14;1;1;1;0;0;0;0;0
96291;Peixe;7;16;11;12;10;12;165;6;4;40;10;3;14;18;3;13;58;22;16;7;12;0;1;1;0;0;0;1;0
96285;Peixe;7;16;9;12;10;14;194;8;5;42;8;3;14;18;6;12;66;19;15;5;13;1;1;1;0;0;0;1;0
893;Pirenopolis;8;18;12;14;10;17;263;4;4;30;11;3;12;21;6;13;86;21;17;6;13;1;2;0;0;0;0;0;0
87;Pirenopolis;8;16;12;11;10;17;251;6;6;30;10;4;9;20;4;13;85;20;16;6;12;1;1;1;0;0;0;0;0
11080;Pirenopolis;9;18;11;12;10;16;256;6;5;30;10;5;12;19;5;12;82;20;17;7;13;1;2;1;2;1;0;0;0
39806;Pirenopolis;9;16;12;10;10;14;254;7;4;29;12;5;12;19;3;12;84;20;16;7;11;0;1;1;0;0;0;0;0
90;Pirenopolis;8;14;12;11;10;16;254;4;5;34;9;2;12;20;3;13;82;20;17;8;16;0;1;0;0;0;0;0;0
34684;Pirenopolis;9;13;12;11;10;16;271;5;5;32;11;5;12;20;4;12;84;20;16;7;14;0;1;0;2;0;0;0;0
312;Pirenopolis;8;16;11;10;10;16;244;5;4;30;12;4;12;19;2;13;82;20;16;5;11;0;1;1;0;1;0;0;0
386;Pirenopolis;8;14;10;11;10;16;243;6;4;26;10;5;12;20;4;12;79;22;16;5;14;1;2;0;0;1;0;0;0
391;Pirenopolis;8;17;11;12;10;16;244;4;3;31;12;4;12;20;4;15;82;21;19;4;14;0;2;0;0;0;0;0;0
92;Pirenopolis;10;15;12;12;9;16;232;4;4;28;9;4;12;21;5;12;82;21;15;6;14;0;2;0;2;0;0;0;0
299;Pirenopolis;8;14;11;10;9;15;270;5;4;29;12;4;13;21;5;12;82;20;17;8;16;0;2;0;0;1;0;0;0
377;Pirenopolis;10;17;10;11;10;16;237;3;3;28;10;3;12;19;6;14;83;20;16;7;14;0;2;1;0;0;0;0;0
34682;Pirenopolis;10;14;13;11;10;15;251;8;6;28;11;4;12;19;3;13;83;21;16;5;11;0;2;0;2;0;0;0;0
293;Pirenopolis;8;14;10;12;10;16;241;4;3;30;8;3;12;20;7;14;82;20;17;5;16;0;1;1;0;0;0;1;0
91;Pirenopolis;9;15;11;13;9;17;233;5;5;31;10;4;12;21;5;12;83;20;15;5;14;1;1;0;0;0;0;0;0
94;Pirenopolis;9;17;12;12;8;15;241;4;4;25;9;4;12;22;5;13;83;19;17;7;14;1;2;0;2;0;0;0;0
88;Pirenopolis;9;16;12;12;9;15;242;4;4;32;9;3;12;19;3;12;85;21;17;6;13;1;2;1;0;0;0;0;0
385;Pirenopolis;8;16;13;11;11;16;243;8;5;38;11;4;12;20;3;12;71;20;16;8;12;0;2;0;0;1;0;0;0
86;Pirenopolis;9;16;12;12;10;14;235;8;4;36;10;4;12;21;3;12;80;20;17;6;12;0;2;1;2;0;0;0;0
34681;Pirenopolis;9;15;11;12;8;15;263;3;3;38;10;4;12;21;4;12;85;20;18;8;12;1;1;0;0;0;0;0;0
297;Pirenopolis;8;16;11;10;10;16;267;5;5;36;11;4;12;18;4;12;84;20;17;5;14;0;1;1;0;0;0;0;0
39924;Pirenopolis;8;16;13;12;10;16;269;4;4;30;9;3;14;19;4;12;83;20;15;7;14;1;2;0;0;0;0;0;0
9497;Pirenopolis;8;14;12;12;10;15;253;4;2;22;10;5;12;21;5;12;79;21;16;6;17;1;2;1;0;0;0;0;0
34683;Pirenopolis;8;17;12;11;10;16;261;3;4;28;11;4;14;20;6;13;83;21;16;6;12;1;2;0;0;0;0;0;0
39851;Pirenopolis;9;15;11;10;8;15;275;6;6;42;12;4;13;21;4;13;84;19;17;7;13;1;2;0;0;0;0;0;0
372;Pirenopolis;8;17;11;11;10;17;250;7;4;34;11;4;12;22;6;13;84;20;18;7;12;1;2;0;2;0;0;0;0
296;Pirenopolis;8;18;13;12;10;18;260;3;3;27;8;2;13;20;4;14;80;20;16;6;12;0;2;0;2;0;0;1;0
375;Pirenopolis;8;15;12;12;10;16;241;3;3;25;12;4;12;20;6;12;83;19;17;6;12;1;2;0;0;0;0;0;0
374;Pirenopolis;9;16;12;12;10;17;274;4;4;26;8;4;12;20;2;12;85;22;16;6;15;0;1;0;2;0;0;0;0
373;Pirenopolis;8;16;11;12;9;15;244;6;5;36;11;3;14;22;4;13;85;21;18;7;13;1;2;0;0;0;0;0;0
384;Pirenopolis;9;16;10;9;10;15;248;3;4;29;10;3;13;21;3;12;77;19;17;5;10;1;2;0;0;0;0;0;0
301;Pirenopolis;8;16;10;12;10;16;271;4;2;27;11;3;12;20;4;13;84;21;17;4;12;0;1;1;0;0;0;0;0
379;Pirenopolis;9;16;12;12;10;16;290;7;5;38;13;4;12;22;4;14;82;22;17;6;13;1;2;0;0;0;0;0;0
380;Pirenopolis;8;16;11;12;11;16;256;5;4;33;9;3;12;21;4;12;84;19;17;7;17;1;2;0;0;0;0;0;0
388;Pirenopolis;9;15;12;10;9;17;248;4;4;25;8;5;14;22;1;14;77;18;16;4;12;0;2;0;0;0;0;0;0
292;Pirenopolis;8;15;10;11;10;15;243;6;5;33;11;4;12;22;4;11;81;19;17;5;15;1;1;1;0;0;0;0;0
387;Pirenopolis;8;16;12;11;10;15;255;7;6;27;12;4;14;19;6;13;86;20;16;7;14;1;2;0;0;0;0;0;0
311;Pirenopolis;8;15;11;10;9;15;250;6;5;31;10;4;16;22;3;13;78;22;16;5;14;0;2;1;2;0;0;0;0
93;Pirenopolis;9;15;11;11;10;16;267;3;3;31;7;3;12;20;3;13;81;20;17;5;14;0;2;0;0;0;0;0;0
396;Pirenopolis;9;16;10;12;10;16;238;3;3;32;9;4;12;20;3;12;78;19;17;7;14;1;2;1;2;0;0;0;0
310;Pirenopolis;8;17;13;12;10;15;267;4;5;25;10;5;12;20;2;13;85;21;17;9;12;1;1;1;0;0;0;0;0
307;Pirenopolis;9;13;11;11;10;17;271;4;4;32;11;5;13;18;6;12;84;20;17;6;13;1;1;0;0;0;0;0;0
294;Pirenopolis;8;15;13;11;10;15;268;5;3;24;12;6;12;20;2;15;81;22;16;8;15;1;2;0;0;0;0;0;0
389;Pirenopolis;9;16;11;13;10;16;264;6;7;33;10;5;13;21;5;12;75;21;16;8;13;1;2;0;0;1;0;0;0
392;Pirenopolis;8;16;10;10;8;17;265;5;7;40;13;5;12;20;5;12;84;21;15;8;17;0;2;0;0;0;0;0;0
309;Pirenopolis;10;16;12;12;10;15;279;6;4;29;10;4;13;21;2;13;82;20;17;6;12;1;2;1;0;0;0;0;0
314;Pirenopolis;9;15;13;11;8;14;261;4;3;34;10;4;14;22;6;12;84;22;15;6;14;1;2;0;0;0;0;0;0
304;Pirenopolis;9;16;11;9;12;14;268;4;3;39;11;5;12;22;3;13;83;22;16;6;13;1;2;0;0;0;0;0;0
302;Pirenopolis;8;15;11;12;10;16;283;7;5;31;11;5;13;22;2;13;84;21;16;7;12;1;2;0;0;0;0;0;0
95;Pirenopolis;10;18;10;12;10;16;282;5;4;35;8;4;12;21;5;12;89;22;16;10;16;0;2;1;0;0;0;0;0
308;Pirenopolis;9;15;13;11;10;16;254;3;2;27;11;5;13;22;3;12;83;19;17;7;10;1;2;0;0;0;0;0;0
390;Pirenopolis;10;16;13;13;11;17;266;3;3;28;9;5;12;20;5;13;82;21;18;4;14;1;2;0;0;0;0;0;0
306;Pirenopolis;9;17;11;11;10;16;258;4;4;37;10;5;12;20;3;12;81;21;17;6;15;1;2;0;0;0;0;0;0
376;Pirenopolis;10;17;12;12;10;16;262;3;3;36;10;4;14;22;4;13;90;22;17;9;10;1;1;1;0;0;0;0;0
313;Pirenopolis;9;16;10;12;10;17;248;5;3;31;10;6;12;21;2;12;81;20;16;5;14;1;2;0;0;0;0;0;0
298;Pirenopolis;8;17;12;12;11;16;229;4;4;27;10;5;13;21;5;12;90;21;17;7;13;1;2;0;0;0;0;0;0
303;Pirenopolis;10;18;10;12;9;16;252;6;3;34;12;5;12;20;2;12;89;21;17;6;11;0;1;1;0;0;0;0;0
381;Pirenopolis;8;18;11;12;10;16;241;7;4;30;11;4;13;21;6;12;87;20;17;7;13;1;2;0;2;0;0;0;0
378;Pirenopolis;9;15;11;12;10;18;290;6;5;35;12;5;14;20;5;12;86;20;16;8;13;1;2;0;0;0;0;0;0
395;Pirenopolis;10;16;11;10;10;15;263;5;3;29;10;5;12;20;4;14;87;21;17;11;13;1;2;0;0;0;0;0;0
398;Pirenopolis;9;14;12;11;10;14;241;5;4;36;11;5;12;20;6;12;85;20;16;7;14;1;2;0;0;0;0;0;0
383;Pirenopolis;8;14;11;10;8;15;259;6;3;34;10;5;12;21;3;12;84;20;16;6;13;1;2;0;0;0;0;0;0
397;Pirenopolis;8;18;13;12;8;16;251;5;4;25;9;4;11;22;3;12;79;19;17;6;6;1;2;0;2;0;0;0;0
305;Pirenopolis;10;19;10;13;10;15;252;6;3;27;10;4;12;20;5;11;74;20;17;6;11;1;2;0;0;0;0;0;0
300;Pirenopolis;9;15;11;10;10;15;274;4;3;33;11;4;12;22;3;12;83;19;17;6;14;0;2;0;2;0;0;0;0
96;Pirenopolis;9;15;11;12;8;16;234;5;4;34;12;5;12;19;3;14;90;20;17;6;16;1;2;0;2;1;0;0;0
394;Pirenopolis;9;16;11;12;10;15;159;4;3;44;10;4;12;20;5;13;78;21;17;5;13;1;2;0;2;1;0;0;0
382;Pirenopolis;8;15;11;12;10;16;304;3;3;29;9;3;12;20;2;11;90;22;16;7;12;1;2;0;0;0;0;0;0
399;Pirenopolis;9;15;13;10;10;17;240;3;4;33;11;3;12;19;4;13;88;19;17;5;13;1;2;0;0;0;0;0;0
89;Pirenopolis;8;15;10;11;9;17;254;3;5;33;11;4;12;19;4;12;89;20;16;7;13;1;2;0;2;0;0;0;0
56572;Pirenopolis;8;19;11;12;10;13;154;7;4;31;11;2;12;19;5;15;66;21;17;7;12;1;2;0;0;0;0;0;0
79380;Pirenopolis;7;17;10;11;10;14;151;6;4;26;8;5;14;18;3;12;56;20;15;4;10;0;1;1;0;0;0;0;0
339;Pium;7;16;9;12;9;13;193;6;2;39;9;4;14;20;5;12;70;22;15;4;14;1;1;0;0;0;0;1;0
338;Pium;7;13;9;10;10;12;183;6;4;31;7;3;14;19;6;12;64;21;15;5;14;1;1;1;0;0;0;0;0
342;Pium;7;14;9;12;11;13;159;6;4;40;10;4;16;19;6;11;72;20;15;5;13;1;1;0;2;0;0;1;0
344;Pium;7;14;9;12;10;13;176;6;3;39;9;5;14;21;5;12;64;22;15;4;15;1;1;1;0;0;0;0;0
38911;PortoAlegreTocantins;7;15;9;12;10;15;224;6;4;41;12;3;14;21;4;12;70;17;13;6;12;1;1;0;0;0;0;1;0
38912;PortoAlegreTocantins;8;17;12;12;10;13;209;6;3;43;10;3;14;20;7;11;69;18;16;5;13;0;1;1;0;0;0;1;0
38913;PortoAlegreTocantins;6;15;11;11;8;12;183;7;4;42;9;2;14;18;5;11;69;19;14;5;10;0;1;1;0;0;0;1;0
47754;PortoNacional;7;18;12;12;10;12;209;6;4;37;9;2;14;19;11;14;62;21;16;11;16;1;2;0;2;0;0;1;0
78244;PortoNacional;8;17;12;11;8;14;166;6;4;32;9;3;14;17;7;12;65;19;15;8;13;0;2;1;0;0;0;1;0
69394;Posse;7;15;11;13;11;13;145;4;2;28;9;3;14;20;3;11;58;21;16;4;13;1;2;0;0;0;0;0;0
69396;Posse;6;17;9;13;10;12;155;4;4;31;9;4;14;21;5;12;65;20;12;4;13;0;2;1;0;0;0;0;0
69395;Posse;8;16;10;13;10;15;170;6;4;34;10;4;14;17;5;12;62;22;13;5;12;1;1;1;0;0;0;0;0
4052;RiodasMortes;7;15;13;12;10;14;178;7;3;40;10;3;14;19;6;11;74;18;15;7;13;1;1;1;0;0;0;1;0
4853;RiodasMortes;7;14;13;11;11;15;209;7;5;39;5;2;14;20;4;12;75;22;15;5;13;1;2;0;0;0;0;2;0
4053;RiodasMortes;7;15;12;12;10;12;201;6;3;42;7;2;14;19;5;12;66;20;14;5;12;1;1;0;0;0;0;1;0
4054;RiodasMortes;8;15;10;11;10;14;181;7;4;38;9;3;14;19;5;11;69;19;16;7;15;1;1;1;2;0;0;1;0
4854;RiodasMortes;7;15;16;12;10;14;153;6;4;34;9;2;13;16;6;12;72;22;15;7;13;1;1;1;0;0;0;1;0
29617;RioVerde;7;15;9;12;10;11;166;7;4;40;10;2;15;20;7;12;53;21;15;5;16;1;1;1;2;0;0;0;0
35225;SaoDomingos;7;16;11;10;8;17;255;7;4;46;10;4;14;21;7;13;75;19;15;8;17;0;1;1;0;0;0;1;0
33556;SaoDomingos;8;15;10;12;10;17;239;6;4;48;9;3;15;20;7;13;72;17;16;6;12;0;1;1;0;0;0;1;0
33566;SaoDomingos;8;18;9;10;8;17;272;4;4;44;11;2;14;21;8;13;79;19;15;8;16;0;1;1;2;0;0;1;0
35215;SaoDomingos;7;15;10;10;8;17;247;6;6;41;11;4;14;19;5;13;72;19;17;7;13;0;1;1;0;0;0;2;0
35233;SaoDomingos;8;17;11;13;12;16;228;5;4;29;9;2;15;20;3;14;77;20;16;9;13;1;2;1;0;0;0;0;0
37141;SaoDomingos;7;16;10;10;10;17;201;8;4;33;10;4;13;19;5;13;70;19;15;6;16;1;2;0;0;0;0;1;0
33538;SaoDomingos;8;16;11;11;10;16;252;7;4;46;10;3;14;22;7;12;79;18;14;6;14;1;1;1;0;0;0;2;0
33565;SaoDomingos;9;16;10;10;9;17;258;5;4;43;11;2;13;18;6;13;79;18;16;8;12;0;1;1;0;0;0;1;0
35207;SaoDomingos;9;19;13;13;10;14;229;6;5;30;10;3;14;21;3;13;69;17;15;6;11;0;1;1;2;0;0;0;0
35228;SaoDomingos;9;15;12;13;10;16;223;6;4;28;10;3;14;19;5;11;69;17;14;8;15;0;2;0;0;0;0;1;0
35218;SaoDomingos;7;16;12;12;10;16;236;6;4;30;6;3;14;21;3;15;80;21;15;7;11;0;0;1;2;0;0;1;0
35209;SaoDomingos;7;13;9;10;10;17;252;6;5;38;9;2;14;21;5;13;68;19;15;6;13;0;1;1;0;0;0;1;0
37152;SaoDomingos;8;19;11;12;10;16;225;6;4;36;11;4;14;20;4;12;77;19;14;6;12;0;1;0;2;0;0;1;0
43927;SaoDomingos;9;16;10;12;10;17;226;6;5;30;8;4;15;19;4;13;70;19;16;6;12;0;2;1;0;0;0;1;0
37146;SaoDomingos;8;16;11;12;9;15;221;4;4;38;9;3;15;18;3;11;72;18;14;6;12;0;2;0;0;0;0;1;0
43932;SaoDomingos;8;17;11;12;10;15;220;3;4;32;7;3;13;16;4;13;75;19;16;5;11;0;2;0;0;0;0;0;0
43930;SaoDomingos;9;16;11;14;11;16;221;5;4;34;8;2;16;20;4;15;75;18;16;6;13;0;2;0;0;0;0;0;0
33574;SaoDomingos;7;16;11;12;10;16;250;7;4;38;8;2;14;21;8;12;71;22;15;8;13;0;2;0;2;0;0;1;0
33543;SaoDomingos;7;16;11;11;10;15;273;8;4;42;8;2;14;20;5;12;67;19;15;6;13;0;1;1;0;0;0;1;0
43924;SaoDomingos;7;15;11;12;10;15;266;8;4;38;10;4;14;20;5;13;84;20;14;7;16;0;2;1;0;1;0;0;0
33554;SaoDomingos;9;17;11;12;10;14;257;5;3;39;10;3;14;21;6;12;81;20;16;5;17;1;2;0;2;0;0;1;0
35217;SaoDomingos;9;16;12;13;10;15;242;6;4;33;10;4;16;21;2;15;78;19;17;5;14;0;2;0;2;0;0;1;0
43922;SaoDomingos;8;15;10;11;8;13;258;6;3;40;10;4;15;20;8;13;76;18;16;5;12;0;1;1;2;0;0;0;0
35196;SaoDomingos;9;18;11;12;10;15;265;6;4;29;11;4;16;20;3;13;72;20;15;8;12;1;2;0;0;0;0;1;0
43923;SaoDomingos;8;18;11;11;10;15;264;7;4;42;11;5;14;22;5;13;82;21;16;6;10;1;1;1;2;0;0;0;0
33560;SaoDomingos;7;14;10;11;10;14;249;7;5;42;12;4;12;21;7;12;74;18;15;8;11;0;1;1;0;0;0;1;0
37157;SaoDomingos;8;17;11;12;10;15;236;4;3;31;8;2;15;20;4;12;69;19;15;5;12;1;2;1;0;0;0;0;0
37156;SaoDomingos;8;16;9;12;10;14;252;6;4;30;9;2;14;20;3;12;69;20;15;6;11;0;1;1;0;0;0;1;0
37149;SaoDomingos;9;15;12;10;8;15;257;6;4;35;9;4;14;20;6;13;76;21;15;6;12;1;1;0;0;0;0;1;0
37155;SaoDomingos;8;16;9;11;10;15;227;6;4;34;13;4;14;21;3;12;72;20;16;8;11;0;1;1;0;0;0;1;0
37158;SaoDomingos;8;16;11;12;11;15;266;4;4;35;0;0;14;18;5;13;79;21;17;6;12;1;0;0;0;0;1;1;0
37151;SaoDomingos;7;15;11;14;11;15;258;4;4;28;10;2;16;18;5;13;79;20;17;6;13;0;2;0;0;0;0;1;0
37150;SaoDomingos;7;16;11;12;10;15;255;6;4;39;13;5;14;21;8;12;83;22;15;7;15;0;1;1;0;0;0;1;0
35229;SaoDomingos;8;16;12;13;10;14;244;7;4;35;8;2;16;21;3;11;78;21;15;7;16;0;2;0;2;0;0;1;0
43929;SaoDomingos;8;18;10;11;9;15;225;7;4;36;9;5;14;21;7;13;72;18;16;4;11;0;1;1;0;0;0;1;0
37143;SaoDomingos;8;17;11;12;10;15;238;4;3;31;8;2;12;20;2;13;82;23;16;4;12;0;2;1;0;0;0;1;0
35208;SaoDomingos;8;16;11;13;11;13;248;6;4;42;12;4;14;19;6;13;74;21;16;7;12;0;1;1;0;0;0;1;0
35223;SaoDomingos;7;17;10;13;11;15;270;5;5;32;9;3;14;19;4;13;82;20;15;5;13;0;2;0;0;0;0;0;0
37160;SaoDomingos;8;15;11;14;12;14;246;5;4;42;9;3;16;22;4;14;83;21;18;7;16;1;2;0;2;0;0;1;0
33578;SaoDomingos;9;16;10;11;10;17;244;6;5;42;7;2;14;21;4;16;62;19;14;9;12;0;1;1;2;0;0;1;0
35221;SaoDomingos;7;16;11;11;10;16;229;6;4;34;8;3;14;21;8;11;79;18;15;8;18;1;2;0;2;0;0;1;0
37153;SaoDomingos;9;17;12;13;10;15;228;5;4;32;9;2;16;18;5;12;71;19;15;7;12;0;1;1;0;0;0;1;0
43931;SaoDomingos;7;16;11;12;10;15;256;7;4;40;10;4;14;19;8;12;77;20;15;5;13;0;1;1;0;0;0;0;0
43914;SaoDomingos;8;15;10;12;10;15;247;7;6;33;10;3;14;19;3;13;77;20;15;8;11;0;1;1;2;0;0;0;0
35202;SaoDomingos;8;16;10;12;8;16;243;5;4;32;10;3;15;19;4;14;79;20;14;7;13;1;2;0;2;0;0;1;0
43919;SaoDomingos;7;19;11;12;10;14;251;5;4;42;9;4;14;20;7;12;74;20;15;7;14;0;1;0;0;1;0;1;0
37147;SaoDomingos;8;16;10;14;10;15;260;4;2;28;9;3;14;21;5;14;79;20;15;7;14;0;2;0;0;0;0;1;0
37139;SaoDomingos;7;18;10;12;10;15;235;6;4;39;11;4;14;23;5;12;65;19;15;5;12;0;1;1;2;0;0;1;0
35210;SaoDomingos;7;16;10;11;10;13;256;6;5;40;10;4;14;20;7;12;65;21;16;4;11;0;1;1;2;0;0;1;0
37145;SaoDomingos;8;15;11;11;10;16;254;8;5;39;10;4;14;19;8;13;76;16;14;5;12;1;1;0;2;0;0;1;0
33555;SaoDomingos;7;18;11;12;10;16;248;8;5;43;10;4;14;18;7;13;72;19;16;5;13;0;1;1;0;0;0;1;0
37144;SaoDomingos;8;18;11;12;10;15;187;4;4;44;10;4;15;21;8;13;62;18;15;4;13;1;2;1;2;0;0;0;0
37159;SaoDomingos;8;15;9;12;10;12;223;5;3;39;5;2;14;20;8;12;66;18;14;5;14;0;2;1;0;0;0;1;0
37140;SaoDomingos;7;17;11;12;10;14;235;6;5;42;10;4;14;21;7;12;64;20;16;9;13;1;1;0;0;0;0;1;0
37161;SaoDomingos;7;18;10;11;10;16;244;5;3;40;11;4;14;21;7;12;70;18;15;6;12;1;2;1;2;0;0;1;0
37148;SaoDomingos;8;17;11;11;10;14;250;3;4;32;0;0;14;20;2;13;76;19;16;6;12;1;2;0;0;0;2;1;0
35212;SaoDomingos;8;17;11;12;10;13;253;4;4;43;10;3;14;20;5;12;77;20;16;8;11;1;1;1;0;0;0;1;0
35224;SaoDomingos;7;16;11;12;10;15;231;4;3;30;8;3;14;20;4;14;77;21;16;4;15;0;2;0;0;0;0;0;0
35232;SaoDomingos;8;16;12;14;10;13;239;7;4;37;9;3;16;21;3;13;74;21;16;7;12;0;1;1;0;0;0;0;0
35214;SaoDomingos;8;18;10;12;10;16;264;4;4;43;10;3;14;21;7;12;76;21;16;8;13;0;1;1;2;0;0;0;0
35206;SaoDomingos;9;18;10;13;10;12;258;4;3;33;11;4;15;21;3;11;78;20;16;6;12;0;2;0;0;0;0;1;0
43908;SaoDomingos;8;17;10;12;9;13;228;7;4;28;9;4;14;19;3;13;71;21;15;5;12;0;2;1;2;0;0;1;0
35230;SaoDomingos;8;18;10;12;10;15;227;5;4;38;9;4;14;19;5;12;72;21;15;5;13;0;1;1;2;1;0;1;0
43916;SaoDomingos;7;16;10;12;10;16;250;5;4;36;11;4;14;20;6;13;75;20;16;5;14;1;1;0;2;0;0;0;0
35204;SaoDomingos;7;16;10;11;10;15;246;3;3;35;10;4;13;20;5;12;75;21;16;4;14;0;1;1;2;0;0;0;0
43920;SaoDomingos;8;17;10;12;10;15;253;4;2;35;10;3;14;19;6;13;73;20;16;5;11;0;1;1;2;0;0;0;0
43921;SaoDomingos;8;18;13;14;10;16;253;5;2;34;9;2;16;20;4;15;76;20;16;5;13;1;2;0;0;1;0;0;0
35213;SaoDomingos;7;16;10;11;10;16;266;6;4;42;11;3;14;21;5;14;77;20;15;7;11;0;1;0;2;0;0;1;0
35220;SaoDomingos;8;18;12;12;12;16;247;7;6;37;9;3;13;19;8;13;75;19;15;6;17;1;2;1;0;0;0;1;0
35231;SaoDomingos;7;15;11;14;11;16;245;4;2;35;9;3;14;22;3;12;80;19;15;5;13;0;2;0;2;0;0;0;0
43925;SaoDomingos;8;16;10;11;10;15;267;4;2;40;11;4;14;21;5;13;72;20;16;5;10;1;2;1;0;0;0;0;0
37154;SaoDomingos;8;16;10;12;10;15;245;6;4;33;8;2;14;19;3;12;73;19;15;7;12;0;2;0;0;0;0;1;0
33552;SaoDomingos;7;16;10;10;8;14;257;5;3;39;10;3;12;21;7;11;82;22;15;7;13;0;1;0;0;0;0;1;0
43926;SaoDomingos;8;16;10;11;10;14;278;7;3;44;11;3;13;19;7;14;81;20;16;6;13;0;1;1;0;0;0;1;0
33546;SaoDomingos;8;15;10;10;8;15;233;7;6;38;11;3;14;19;4;12;66;19;15;5;11;0;1;1;2;0;0;1;0
35203;SaoDomingos;7;18;10;11;8;12;225;4;3;40;9;4;13;19;8;13;76;20;14;6;13;0;2;1;2;0;0;1;0
37142;SaoDomingos;9;17;9;12;10;16;232;4;4;29;9;2;14;18;4;15;74;20;17;6;12;0;2;0;0;0;0;1;0
43913;SaoDomingos;7;16;10;12;10;16;235;5;4;45;9;4;14;21;6;12;70;18;16;7;13;1;2;1;0;0;0;0;0
43928;SaoDomingos;7;17;12;13;10;16;223;6;4;30;9;3;14;22;3;13;74;19;16;7;12;1;2;0;0;0;0;1;0
35219;SaoDomingos;8;16;11;13;10;14;240;4;4;29;10;3;14;22;6;13;76;20;16;6;11;0;1;1;0;0;0;1;0
37162;SaoDomingos;8;15;10;12;10;15;238;5;4;30;10;3;14;19;5;13;73;19;16;7;12;0;1;1;0;0;0;1;0
33571;SaoDomingos;7;17;11;10;10;15;232;3;2;32;9;2;14;18;6;12;68;21;16;5;14;0;1;1;2;0;0;1;0
43912;SaoDomingos;8;16;11;12;8;13;236;5;4;36;12;4;14;21;7;13;80;21;15;6;12;0;1;1;0;0;0;0;0
35198;SaoDomingos;8;17;11;14;11;16;251;6;4;29;10;3;15;19;3;14;75;20;16;5;12;0;2;0;0;0;0;0;0
43917;SaoDomingos;8;17;12;12;10;13;253;7;4;44;9;4;14;20;5;12;77;21;15;13;12;0;1;1;0;0;0;0;0
35226;SaoDomingos;8;16;11;10;8;13;223;7;4;34;11;4;15;21;5;12;76;21;16;5;8;0;1;1;0;0;0;0;0
35201;SaoDomingos;7;16;10;10;9;15;263;4;3;38;8;3;14;19;7;11;70;18;15;6;13;0;2;0;2;0;0;1;0
35197;SaoDomingos;7;15;10;12;9;14;268;6;4;38;10;4;14;18;7;12;67;20;15;6;14;1;1;1;2;1;0;0;0
43915;SaoDomingos;9;16;11;10;10;14;256;5;4;27;9;3;14;19;6;13;74;18;16;5;14;1;2;1;2;1;0;1;0
43906;SaoDomingos;8;14;11;12;10;15;237;7;6;41;9;2;14;17;4;13;87;21;15;5;13;0;1;0;0;0;0;1;0
37163;SaoDomingos;9;15;13;10;10;15;261;5;4;29;10;2;14;19;3;13;71;20;15;4;13;0;2;1;0;0;0;0;0
43911;SaoDomingos;7;15;10;11;10;14;239;3;2;34;9;3;14;20;6;13;69;20;16;5;14;1;1;1;0;0;0;0;0
35222;SaoDomingos;8;18;12;12;10;14;265;6;3;38;11;4;14;22;6;13;70;20;16;8;12;1;1;1;2;0;0;0;0
35216;SaoDomingos;8;16;10;14;12;15;236;3;3;39;11;4;15;21;6;13;87;21;16;7;14;0;1;1;2;0;0;0;0
43907;SaoDomingos;7;18;12;13;10;15;243;3;3;39;12;4;14;20;5;13;78;20;16;5;14;0;1;0;2;1;0;0;0
43903;SaoDomingos;7;16;10;12;10;14;226;6;4;34;10;3;14;19;6;13;69;19;16;5;13;0;1;0;2;1;0;0;0
35199;SaoDomingos;7;18;9;12;9;15;232;4;3;36;8;4;14;18;6;12;65;18;15;5;16;0;1;1;2;1;0;1;0
35200;SaoDomingos;7;17;11;12;10;14;232;3;4;35;10;4;14;21;6;13;80;21;16;7;12;0;1;0;2;1;0;0;0
35211;SaoDomingos;8;17;10;12;10;15;233;3;2;37;9;5;14;19;8;12;73;18;15;5;10;0;1;0;2;0;0;0;0
40288;SaoDomingos;8;13;11;12;10;15;242;3;2;34;9;4;14;18;5;13;70;20;15;6;16;1;1;0;2;1;0;0;0
35205;SaoDomingos;8;15;11;12;12;15;253;4;4;29;8;3;14;20;3;13;85;20;16;7;13;0;2;0;0;0;0;1;0
43910;SaoDomingos;7;15;9;12;10;15;226;3;2;33;8;3;14;21;6;13;73;20;15;6;16;0;1;0;2;0;0;0;0
43898;SaoDomingos;7;18;9;13;10;15;238;6;6;31;10;3;14;19;3;13;81;18;15;6;15;0;2;0;0;1;0;1;0
43909;SaoDomingos;9;15;11;12;10;15;256;4;3;43;8;2;14;21;7;13;81;22;14;6;16;0;1;0;0;0;0;0;0
35227;SaoDomingos;8;16;11;12;9;16;245;3;2;37;11;4;14;18;8;12;73;21;16;6;14;0;1;1;2;0;0;1;0
43918;SaoDomingos;7;13;10;11;8;15;223;6;3;37;12;4;15;19;6;11;74;20;14;4;12;0;1;1;2;0;0;1;0
43896;SaoDomingos;8;16;12;12;10;15;230;3;2;32;10;2;14;20;6;12;74;21;15;6;13;0;1;1;0;0;0;1;0
89238;SaoSalvadorTocantins;7;16;12;12;10;15;194;6;4;45;10;4;14;21;5;12;64;22;15;4;13;0;2;1;0;0;0;1;0
89236;SaoSalvadorTocantins;7;13;12;12;10;15;203;6;4;46;8;2;14;20;8;11;65;22;15;5;11;0;1;1;0;0;0;1;0
89246;SaoSalvadorTocantins;7;16;10;13;10;16;206;7;4;43;11;5;14;19;9;12;66;23;15;5;11;1;1;1;0;0;0;0;0
89240;SaoSalvadorTocantins;6;15;11;11;10;15;185;6;4;33;9;4;14;19;7;12;64;21;16;6;12;1;1;1;0;0;0;0;0
89243;SaoSalvadorTocantins;7;16;12;10;10;16;187;4;4;40;7;4;14;18;6;12;63;22;14;4;14;0;1;0;0;0;0;0;0
89244;SaoSalvadorTocantins;7;16;11;12;10;16;186;7;5;43;11;4;14;18;8;12;67;21;16;4;13;0;1;1;0;0;0;1;0
89228;SaoSalvadorTocantins;7;15;9;11;9;16;176;4;4;41;8;4;14;18;8;11;68;21;15;7;16;0;1;1;2;0;0;1;0
89239;SaoSalvadorTocantins;8;16;12;11;9;17;168;4;3;35;8;5;15;18;11;12;67;20;15;6;16;0;1;1;2;0;0;1;0
89241;SaoSalvadorTocantins;7;15;11;11;9;16;191;7;4;39;10;4;14;20;10;13;58;21;16;9;12;0;1;1;0;0;0;0;0
89247;SaoSalvadorTocantins;7;16;15;10;9;16;179;7;4;40;11;3;14;19;10;12;68;21;16;6;15;0;1;0;2;0;0;0;0
89237;SaoSalvadorTocantins;7;16;15;12;10;16;173;5;5;38;8;4;14;19;8;12;68;22;14;5;14;0;1;1;2;0;0;1;0
89248;SaoSalvadorTocantins;7;15;11;10;10;15;181;7;4;37;9;4;14;19;9;11;59;21;14;5;12;1;1;1;0;0;0;0;0
89235;SaoSalvadorTocantins;7;16;13;10;8;15;194;7;4;45;9;3;14;17;8;12;61;22;15;5;14;1;1;0;0;0;0;1;0
89234;SaoSalvadorTocantins;7;16;12;12;10;16;195;7;4;41;7;4;14;21;8;11;59;21;15;7;17;1;1;0;0;0;0;1;0
89227;SaoSalvadorTocantins;7;15;10;11;10;16;171;6;4;42;8;4;14;20;9;12;63;22;14;6;14;1;1;0;0;0;0;1;0
89232;SaoSalvadorTocantins;7;15;10;12;10;15;175;6;4;39;9;5;14;21;6;12;69;23;16;6;14;0;2;1;0;0;0;1;0
89245;SaoSalvadorTocantins;7;15;10;12;10;15;176;7;5;41;8;4;14;17;8;12;61;22;14;7;15;1;1;0;0;0;0;1;0
89226;SaoSalvadorTocantins;7;15;12;10;10;16;159;7;4;39;11;4;14;19;6;11;65;21;16;6;14;0;1;0;0;0;0;0;0
89233;SaoSalvadorTocantins;7;15;12;12;10;16;185;7;4;39;10;5;14;20;8;13;67;23;15;6;13;0;1;1;0;0;0;0;0
89229;SaoSalvadorTocantins;7;15;10;11;10;15;178;4;2;40;10;4;14;20;11;12;64;21;13;6;17;1;1;0;0;0;0;1;0
89231;SaoSalvadorTocantins;7;15;12;10;8;16;187;6;4;40;9;4;15;19;7;11;64;21;15;5;15;1;1;0;0;0;0;0;0
89224;SaoSalvadorTocantins;8;13;12;10;8;16;176;7;4;42;9;4;14;20;9;13;63;21;15;7;17;0;1;1;0;0;0;1;0
89230;SaoSalvadorTocantins;7;14;11;12;10;16;180;6;4;43;9;4;14;21;6;11;70;21;15;6;13;1;1;0;0;0;0;0;0
89225;SaoSalvadorTocantins;7;16;11;12;11;15;182;6;4;40;9;2;13;20;5;11;59;22;15;4;16;1;1;0;0;0;0;0;0
89242;SaoSalvadorTocantins;8;15;11;10;8;15;199;6;4;29;11;6;14;21;7;10;69;23;15;4;10;1;1;0;2;0;0;0;0
75037;SerraNegra;7;15;10;12;10;13;171;6;3;31;9;3;14;19;3;13;64;20;16;5;14;1;1;1;2;0;0;0;0
21817;TeresinadeGoias;8;15;11;12;12;15;214;6;4;39;7;2;14;20;6;12;65;21;16;7;10;0;1;1;0;0;0;2;0
21816;TeresinadeGoias;8;15;10;11;10;13;231;7;4;38;10;2;14;22;8;12;71;22;14;5;11;1;2;0;0;0;0;1;0
