Tombo;local_num;Localidade;1;2;3;4;5;6;7;8;9;10;11;12;13;14;15;16;17;18;19;20;21;22;23;24;25;26;27;28;29
11200;;Palmas;8;13;10;12;10;15;222;NA;NA;44;10;3;14;23;NA;12;73;20;11;NA;NA;0;1;1;2;0;0;1;NA
25089;;Palmas;8;13;8;12;10;16;218;7;4;42;10;5;14;26;5;11;67;18;11;4;12;1;1;0;2;1;0;1;0
11506;;Palmas;8;15;10;13;10;16;NA;6;3;NA;NA;3;NA;NA;5;13;74;19;12;5;NA;0;1;1;2;0;0;1;0
11174;;Palmas;8;17;11;12;10;16;NA;4;4;NA;NA;NA;NA;NA;6;12;NA;19;11;8;NA;0;1;0;2;0;0;0;0
11176;;Palmas;7;13;11;12;10;15;215;4;NA;40;11;4;14;22;4;13;71;22;11;6;NA;0;1;1;0;0;0;0;0
11203;;Palmas;7;16;10;12;10;14;196;4;5;NA;NA;5;14;21;3;13;81;19;13;5;NA;0;1;1;0;0;0;0;0
11503;;Palmas;7;16;10;12;10;17;210;NA;4;41;10;4;14;NA;5;13;74;19;16;8;NA;0;2;0;2;0;0;0;0
11513;;Palmas;9;16;11;12;10;17;220;7;4;39;11;4;14;NA;5;12;78;21;14;7;NA;0;1;0;2;0;0;0;0
11186;;Palmas;8;14;10;11;9;16;214;NA;NA;48;9;5;14;22;4;12;79;20;13;NA;NA;0;1;1;2;0;0;1;NA
11182;;Palmas;7;15;12;12;10;15;215;NA;NA;43;10;4;14;21;8;11;79;20;14;NA;NA;0;1;0;0;0;0;1;NA
11177;;Palmas;8;17;10;12;10;16;NA;4;4;NA;NA;NA;NA;23;4;13;78;19;16;7;NA;0;1;1;2;0;0;0;0
11188;;Palmas;7;15;10;12;10;16;216;7;4;48;11;5;14;23;4;12;79;21;14;7;NA;0;1;1;2;0;0;0;0
11202;;Palmas;7;16;10;12;10;17;214;NA;NA;38;10;5;14;22;3;14;76;21;15;NA;NA;0;1;1;2;0;0;0;NA
11179;;Palmas;8;18;11;14;11;17;219;NA;5;38;11;4;14;20;7;12;83;21;14;7;NA;0;1;1;2;0;0;1;0
11189;;Palmas;9;16;12;13;10;16;231;NA;3;42;10;4;14;22;4;12;77;23;14;9;NA;0;1;1;0;0;0;0;0
11515;;Palmas;8;16;10;12;10;15;215;NA;NA;39;10;4;14;NA;4;11;77;23;15;NA;NA;0;1;0;2;0;0;0;NA
11183;;Palmas;8;17;10;12;10;15;233;NA;NA;39;NA;NA;NA;NA;3;12;78;20;14;8;NA;0;1;1;2;0;0;0;NA
11505;;Palmas;9;17;10;14;10;16;236;NA;NA;39;9;5;14;21;6;12;83;21;14;NA;NA;0;1;1;2;0;0;0;NA
11173;;Palmas;8;16;11;12;9;15;236;6;3;41;10;4;14;22;5;12;62;20;14;12;NA;0;1;0;2;0;0;1;0
24654;;Palmas;9;16;11;11;10;16;206;7;4;37;10;4;14;20;6;11;69;21;14;8;12;1;1;1;2;0;0;1;0
11175;;Palmas;9;17;11;13;10;16;221;NA;NA;NA;11;4;13;21;4;13;78;22;14;NA;NA;0;1;1;2;0;0;0;NA
11511;;Palmas;8;16;11;12;10;16;236;5;4;38;9;4;14;21;5;13;85;22;15;7;NA;0;1;1;2;0;0;0;0
11504;;Palmas;8;16;10;13;10;15;222;6;5;41;11;5;14;NA;5;12;83;21;14;10;NA;0;1;0;0;0;0;0;0
11180;;Palmas;8;15;11;11;9;16;212;NA;4;39;8;3;14;20;9;12;67;21;15;6;NA;0;2;0;0;0;0;1;0
11509;;Palmas;8;15;10;11;10;17;236;NA;5;44;9;4;14;24;4;12;82;19;15;10;NA;0;1;1;2;0;0;1;0
11514;;Palmas;9;17;11;12;9;15;223;NA;NA;40;10;3;13;NA;4;13;82;21;15;7;NA;0;1;1;2;0;0;0;NA
11512;;Palmas;8;14;9;12;11;16;204;NA;4;45;12;5;15;22;7;12;85;21;14;8;NA;0;1;0;2;0;0;1;NA
11178;;Palmas;8;17;11;14;12;17;NA;NA;4;NA;NA;NA;NA;23;4;13;92;21;14;11;NA;0;1;1;2;0;0;0;0
25090;;Palmas;8;16;11;12;10;17;225;NA;NA;38;9;3;14;22;9;11;78;20;14;7;NA;0;1;0;2;0;0;1;NA
11201;;Palmas;8;15;11;12;11;15;216;NA;4;44;10;5;14;NA;6;12;73;22;14;8;NA;0;1;1;2;0;0;1;0
11502;;Palmas;8;16;10;13;10;16;239;NA;NA;42;12;5;NA;23;5;12;68;23;16;NA;NA;0;1;0;2;0;0;0;NA
11507;;Palmas;7;16;9;12;8;16;197;6;3;36;13;6;14;22;6;15;74;22;16;11;NA;0;1;1;2;0;0;0;0
11181;;Palmas;8;16;13;11;10;16;218;NA;4;37;13;5;13;20;8;11;73;22;15;6;NA;0;1;1;2;0;0;0;0
11184;;Palmas;8;15;13;12;10;16;NA;NA;NA;NA;NA;NA;NA;NA;5;12;76;22;14;NA;NA;0;1;0;2;0;0;0;NA
11204;;Palmas;8;16;10;12;10;16;197;NA;NA;39;12;3;13;22;3;12;82;21;13;NA;NA;0;1;0;0;0;0;1;NA
11510;;Palmas;8;16;10;12;10;16;215;NA;NA;44;9;3;14;20;4;13;NA;22;15;NA;NA;0;1;1;0;0;0;1;0
11187;;Palmas;8;16;10;12;10;16;227;NA;NA;43;11;4;14;23;6;13;83;22;14;NA;NA;0;1;1;2;0;0;1;NA
11199;;Palmas;8;17;10;12;10;17;196;NA;3;39;13;3;14;23;4;13;74;NA;16;6;NA;0;1;1;2;0;0;0;0
14555;;Palmas;8;16;10;12;10;15;233;8;5;39;9;5;14;18;4;12;70;23;14;9;NA;0;1;1;2;0;0;0;0
12440;;Palmas;8;16;11;12;10;15;209;4;4;44;10;6;13;25;3;11;75;19;14;10;10;0;1;0;2;0;0;0;0
12439;;Palmas;8;18;9;12;11;16;199;6;4;42;12;6;14;22;3;13;71;22;16;8;14;0;1;0;1;0;0;0;0
12437;;Palmas;7;16;12;12;10;16;213;5;3;33;11;7;14;25;7;11;77;21;14;15;12;0;1;1;2;0;0;0;0
11508;;Palmas;9;17;10;12;9;16;234;NA;3;40;12;6;13;21;6;13;87;22;15;9;NA;0;1;0;2;0;0;0;0
11185;;Palmas;8;15;11;12;11;16;NA;NA;NA;NA;NA;6;14;21;7;13;79;22;17;9;NA;1;1;0;2;0;0;1;0
42411;;Almas;8;16;9;10;10;15;212;6;4;42;10;4;14;20;6;12;73;18;15;7;NA;0;1;1;2;0;0;1;0
42420;;Almas;8;18;10;12;10;16;213;NA;NA;34;9;3;13;20;6;12;72;18;14;NA;NA;0;1;0;2;0;0;1;0
42426;;Almas;8;16;10;12;10;16;239;NA;2;42;12;3;14;21;7;14;69;17;15;9;NA;0;1;0;2;0;0;1;0
42418;;Almas;8;16;10;12;10;16;232;NA;NA;41;7;2;14;21;4;13;78;20;15;NA;NA;0;1;1;2;0;0;2;0
42414;;Almas;8;14;10;12;10;17;218;NA;NA;41;12;5;14;19;5;11;68;20;15;NA;10;0;1;1;2;0;0;1;0
42421;;Almas;8;17;10;12;10;16;195;NA;4;39;8;2;14;19;5;11;71;18;14;9;NA;0;1;1;2;0;0;1;0
42417;;Almas;8;15;9;13;11;15;NA;7;4;NA;NA;NA;NA;NA;5;13;71;21;14;10;NA;0;2;0;2;0;0;1;0
42423;;Almas;8;18;11;14;10;16;196;6;5;38;11;5;14;20;5;12;75;20;13;7;NA;0;1;1;2;0;0;0;0
42422;;Almas;7;16;11;13;10;16;214;6;5;38;12;5;14;20;7;12;65;19;15;7;NA;NA;NA;NA;2;0;0;1;0
42419;;Almas;8;16;10;12;10;16;198;NA;NA;NA;NA;NA;NA;NA;6;13;NA;20;15;NA;NA;0;1;1;2;0;0;1;NA
42416;;Almas;8;17;10;12;9;16;205;NA;NA;34;11;5;14;21;6;14;82;20;14;9;NA;0;1;1;2;0;0;0;0
42412;;Almas;8;17;10;12;10;17;217;6;4;37;12;5;14;20;5;12;77;20;15;12;NA;0;1;0;2;0;0;0;0
42425;;Almas;7;17;10;12;10;15;198;6;4;40;9;2;14;20;5;11;83;20;15;6;NA;0;1;1;0;0;0;2;0
42413;;Almas;8;17;10;12;10;15;221;7;4;34;11;6;14;21;7;12;77;20;14;9;11;0;1;1;2;0;0;0;0
42415;;Almas;8;16;11;13;10;16;195;4;3;NA;11;NA;NA;NA;6;12;82;19;15;7;NA;0;1;1;2;0;0;0;0
42424;;Almas;7;18;10;12;10;15;220;6;3;36;11;5;14;21;8;12;73;21;16;6;10;0;1;0;2;0;0;0;0
12436;;AltoParaiso;7;14;10;10;9;12;281;1;0;35;13;4;14;22;3;12;97;21;16;2;NA;0;2;0;2;0;0;1;0
403;;AltoParaiso;9;18;11;13;10;15;305;1;0;23;9;2;12;22;4;15;97;19;17;7;NA;0;1;0;2;1;0;1;0
402;;AltoParaiso;7;17;11;12;10;13;NA;NA;NA;NA;NA;NA;NA;22;3;12;NA;20;15;NA;NA;0;1;1;2;0;0;1;NA
407;;AltoParaiso;9;17;11;13;10;16;297;1;0;25;8;2;12;22;4;13;101;21;17;7;NA;0;1;1;2;0;0;2;0
410;;AltoParaiso;9;16;10;13;10;15;273;1;0;24;9;5;12;21;3;14;92;21;17;5;12;0;1;0;0;0;0;0;0
413;;AltoParaiso;8;14;13;13;10;14;281;NA;NA;32;12;4;12;21;5;13;90;20;14;7;NA;0;2;0;2;0;0;0;0
408;;AltoParaiso;10;17;12;14;10;14;286;NA;NA;28;10;4;12;NA;3;14;NA;20;16;NA;NA;0;1;1;0;0;0;1;NA
401;;AltoParaiso;9;16;12;12;10;16;282;1;0;31;7;4;11;21;7;13;91;20;15;9;NA;0;1;1;0;0;0;1;0
404;;AltoParaiso;9;14;11;14;10;15;290;3;2;26;9;4;12;22;5;12;94;21;16;9;12;0;1;1;2;0;0;0;0
411;;AltoParaiso;10;18;12;12;11;14;304;NA;NA;23;8;4;12;22;4;15;100;22;18;NA;NA;0;1;1;0;0;0;0;NA
406;;AltoParaiso;8;17;11;12;10;18;305;NA;NA;32;11;4;12;21;4;13;84;22;15;NA;NA;0;1;1;2;0;0;0;0
12435;;AltoParaiso;7;15;11;10;10;16;285;2;0;36;12;4;12;12;1;12;81;19;15;7;NA;0;1;1;2;0;0;1;0
400;;AltoParaiso;10;16;12;12;10;14;267;1;0;27;8;3;12;21;3;14;93;20;16;7;NA;0;1;1;0;0;0;1;0
409;;AltoParaiso;10;17;10;13;10;17;297;NA;NA;27;9;4;12;21;6;14;87;20;16;NA;NA;0;1;1;2;0;0;1;NA
17522;;AltoParaiso;9;14;11;10;10;16;259;NA;NA;17;8;5;12;20;3;12;92;20;16;NA;NA;0;1;1;2;1;0;1;NA
12434;;AltoParaiso;9;13;12;11;11;15;269;NA;NA;23;8;3;12;22;3;13;93;22;15;NA;NA;0;1;0;0;0;0;1;NA
405;;AltoParaiso;9;16;11;13;10;16;266;NA;NA;23;9;5;12;20;5;12;93;21;17;6;NA;0;1;0;0;0;0;0;0
17521;;AltoParaiso;9;14;11;13;10;14;259;0;0;16;9;5;12;21;4;11;88;21;15;8;12;0;1;1;2;1;0;0;0
414;;AltoParaiso;10;17;12;12;10;16;286;1;0;NA;8;5;12;21;4;14;NA;NA;15;8;NA;0;1;0;2;0;0;0;0
415;;AltoParaiso;9;17;9;14;12;16;NA;NA;NA;NA;NA;5;12;NA;3;13;NA;NA;15;5;NA;0;1;1;2;0;0;0;0
416;;AltoParaiso;10;17;12;14;10;15;NA;NA;NA;NA;NA;3;11;20;6;14;NA;20;16;NA;NA;0;1;0;2;1;0;1;NA
412;;AltoParaiso;9;17;11;14;11;16;NA;NA;NA;NA;NA;NA;NA;NA;6;13;NA;NA;16;NA;NA;0;1;1;2;0;0;0;NA
417;;AltoParaiso;9;15;8;12;10;14;265;1;0;20;10;4;NA;NA;4;14;NA;20;16;7;NA;0;1;1;2;1;0;0;0
45316;;Caseara;11;14;10;12;10;16;286;NA;NA;43;10;4;16;24;6;12;88;18;14;NA;NA;0;1;1;2;0;0;0;NA
45304;;Caseara;11;16;12;12;10;16;NA;NA;NA;NA;NA;3;14;25;6;11;NA;17;14;7;NA;0;1;1;2;0;0;0;0
45322;;Caseara;10;15;12;10;8;14;261;2;0;45;9;5;14;24;6;11;87;20;14;6;NA;0;1;1;2;0;0;0;0
45328;;Caseara;9;15;10;10;9;14;255;NA;4;37;10;3;16;NA;6;11;NA;22;14;7;NA;0;1;1;0;0;0;0;0
45319;;Caseara;9;14;10;10;8;15;236;6;4;44;10;3;16;20;6;12;85;19;13;6;NA;0;1;1;2;0;0;1;0
45334;;Caseara;8;14;10;11;8;15;253;NA;NA;37;8;NA;14;22;6;11;92;18;15;NA;NA;0;0;1;2;0;0;1;NA
45326;;Caseara;11;15;10;10;8;16;260;3;4;40;9;3;14;21;6;12;NA;19;15;8;10;0;1;1;0;0;0;0;0
45318;;Caseara;9;15;10;13;10;14;292;NA;NA;48;10;2;15;22;6;12;94;19;14;5;NA;0;1;1;2;0;0;1;NA
45330;;Caseara;9;14;9;10;8;14;256;2;0;41;9;3;16;NA;7;10;NA;20;13;8;NA;0;1;0;2;0;0;1;1
45335;;Caseara;10;15;10;10;9;14;237;2;0;44;10;3;14;24;6;11;95;20;14;5;NA;0;1;1;0;0;0;0;NA
45333;;Caseara;9;15;9;11;8;13;276;NA;NA;44;10;3;14;22;6;12;93;20;14;NA;NA;0;1;1;2;0;0;0;NA
45302;;Caseara;10;16;12;12;10;13;256;NA;NA;40;12;4;14;23;6;11;86;19;14;6;NA;0;1;0;2;0;0;1;NA
45314;;Caseara;9;16;10;11;8;12;247;2;0;41;10;4;14;23;7;11;84;20;13;5;NA;0;1;0;2;0;0;0;0
45309;;Caseara;9;13;9;10;9;14;244;NA;NA;39;9;3;14;22;6;10;95;19;12;NA;NA;0;0;1;2;0;0;0;NA
45305;;Caseara;10;14;9;11;8;13;NA;NA;NA;NA;NA;4;14;21;5;11;NA;21;13;NA;NA;0;1;1;2;0;0;1;NA
45306;;Caseara;10;14;9;10;8;15;244;NA;NA;39;9;2;14;22;6;11;86;19;13;NA;NA;0;1;1;2;0;0;0;NA
45331;;Caseara;8;14;10;11;9;13;245;3;3;44;9;4;14;25;5;13;86;20;14;6;NA;0;1;0;2;0;0;1;0
45324;;Caseara;9;14;9;10;8;14;241;NA;NA;40;11;4;14;22;6;12;84;19;15;7;12;0;1;0;2;0;0;0;0
45317;;Caseara;9;14;10;10;8;13;265;2;0;42;11;3;15;23;7;12;80;19;14;5;NA;0;1;1;0;1;0;0;0
45327;;Caseara;10;14;10;12;10;16;245;NA;NA;40;11;4;15;22;7;12;78;20;13;7;NA;0;1;1;0;0;0;0;0
45332;;Caseara;9;14;10;10;8;14;253;5;2;37;10;5;14;20;6;10;84;19;14;6;12;0;1;0;2;1;0;0;0
45321;;Caseara;9;14;10;12;10;16;266;4;4;43;11;3;16;21;7;11;82;NA;14;6;NA;0;1;1;0;0;0;1;0
45311;;Caseara;9;13;10;12;9;15;NA;NA;NA;NA;NA;NA;NA;NA;7;12;NA;19;14;NA;NA;0;1;1;0;0;0;1;NA
45310;;Caseara;9;14;11;10;8;14;246;NA;NA;40;9;3;14;22;6;11;83;20;14;NA;NA;0;1;1;2;0;0;0;NA
45307;;Caseara;10;13;11;10;8;15;268;NA;NA;41;10;2;14;21;6;11;82;19;13;7;NA;0;1;1;2;0;0;1;NA
45313;;Caseara;9;13;11;12;10;15;NA;NA;NA;NA;NA;2;14;20;6;11;86;20;14;NA;NA;0;1;1;2;0;0;1;NA
45336;;Caseara;9;13;9;12;10;14;268;NA;NA;42;9;2;14;20;6;11;76;19;13;5;NA;0;1;1;2;0;0;0;NA
45323;;Caseara;10;11;10;10;8;13;250;NA;NA;47;11;2;14;23;6;13;84;20;14;NA;NA;0;1;1;2;0;0;0;NA
45329;;Caseara;9;15;12;12;10;15;NA;NA;NA;NA;NA;3;14;22;8;13;82;18;14;NA;NA;0;1;0;2;1;0;1;NA
45325;;Caseara;9;14;10;12;8;14;238;3;4;51;12;5;16;NA;7;12;89;22;14;7;NA;0;1;1;2;0;0;0;0
45312;;Caseara;8;15;11;11;8;11;241;2;0;38;10;5;14;22;7;10;93;20;13;7;NA;0;1;0;2;1;0;0;0
45315;;Caseara;9;15;13;10;9;14;245;NA;NA;39;9;4;14;20;7;10;87;21;14;NA;NA;0;1;1;2;0;0;0;NA
45320;;Caseara;9;15;9;12;8;14;266;4;3;38;11;2;14;21;8;11;89;21;13;8;NA;0;1;1;2;0;0;0;0
45308;;Caseara;9;13;11;10;9;13;273;NA;NA;40;8;5;14;21;6;12;NA;21;13;9;NA;0;1;1;2;0;0;0;0
45303;;Caseara;8;14;11;11;8;13;NA;NA;NA;NA;NA;5;14;20;7;10;NA;19;13;7;NA;NA;NA;0;NA;NA;0;0;0
53068;;MonteAlegre;9;15;12;12;10;16;NA;7;6;47;11;4;14;20;7;12;92;19;16;6;13;0;1;0;0;0;0;2;0
53066;;MonteAlegre;9;16;12;10;10;15;NA;4;4;NA;NA;2;14;20;7;12;81;20;15;7;13;0;1;1;2;0;0;2;0
53051;;MonteAlegre;9;17;10;10;8;16;NA;NA;NA;NA;NA;NA;NA;17;7;12;NA;NA;17;NA;NA;0;1;0;0;0;0;1;0
53083;;MonteAlegre;9;15;11;10;10;16;229;NA;NA;38;6;2;13;19;8;13;85;20;15;NA;NA;0;1;0;2;1;0;1;NA
53059;;MonteAlegre;9;16;10;10;10;15;248;5;4;37;11;4;14;19;8;14;85;19;15;6;NA;0;1;0;2;0;0;1;0
53078;;MonteAlegre;8;15;10;10;9;15;231;NA;NA;32;8;3;14;18;11;12;84;18;15;NA;NA;0;1;0;2;0;0;1;NA
53054;;MonteAlegre;9;17;11;12;10;16;253;NA;4;41;12;2;14;20;7;12;84;20;15;7;NA;0;1;1;0;0;0;1;0
53082;;MonteAlegre;8;15;11;10;10;16;282;5;2;42;11;3;14;21;6;13;80;20;15;6;NA;0;1;1;2;0;0;1;0
53074;;MonteAlegre;9;15;10;12;10;16;NA;5;5;NA;0;0;14;NA;6;12;86;20;14;8;NA;0;2;0;2;1;1;2;0
53084;;MonteAlegre;8;12;12;9;10;17;NA;4;5;NA;0;0;14;21;7;13;86;20;15;8;NA;0;1;1;2;0;1;2;0
53075;;MonteAlegre;9;15;9;10;10;17;NA;7;5;NA;NA;NA;14;NA;6;13;NA;19;16;7;13;0;1;1;2;0;0;1;0
53058;;MonteAlegre;9;17;9;10;10;17;263;NA;NA;38;9;2;14;21;8;12;85;20;14;NA;NA;0;1;0;2;0;0;1;NA
53077;;MonteAlegre;9;16;10;10;9;13;274;NA;NA;43;11;3;14;19;6;12;82;20;15;7;NA;0;1;1;2;0;0;0;NA
53076;;MonteAlegre;10;15;11;10;10;15;266;NA;NA;39;8;3;14;20;5;12;88;21;15;NA;NA;0;1;1;2;0;0;2;NA
53080;;MonteAlegre;9;16;10;10;8;15;NA;8;5;NA;NA;NA;14;NA;6;12;NA;NA;15;6;NA;0;1;1;2;1;0;1;0
53060;;MonteAlegre;9;15;11;10;8;16;248;NA;NA;41;9;2;14;NA;7;12;NA;19;14;6;NA;0;1;0;0;0;0;1;NA
53062;;MonteAlegre;9;16;9;11;10;16;269;NA;NA;42;9;2;14;21;6;13;91;21;11;5;NA;0;1;0;0;0;0;1;NA
53057;;MonteAlegre;8;15;10;10;10;15;249;NA;NA;39;9;2;14;NA;7;12;NA;20;15;NA;NA;0;1;1;0;0;0;2;NA
53071;;MonteAlegre;9;15;11;8;8;15;251;6;5;38;11;2;15;21;6;12;89;19;16;7;NA;0;1;1;0;0;0;2;0
53052;;MonteAlegre;9;17;10;10;9;16;256;NA;NA;41;11;3;14;20;6;13;87;19;17;NA;NA;0;1;1;0;0;0;1;NA
53085;;MonteAlegre;9;15;11;9;10;15;271;NA;NA;38;13;3;14;NA;5;11;NA;19;16;8;NA;0;2;0;2;0;0;2;0
53055;;MonteAlegre;9;16;11;9;10;NA;NA;6;7;NA;NA;NA;NA;NA;5;12;NA;NA;15;8;10;0;1;0;2;0;NA;2;0
53061;;MonteAlegre;9;16;10;12;10;16;253;6;7;49;10;2;14;20;7;13;89;21;16;10;NA;0;1;1;2;0;0;0;0
53073;;MonteAlegre;9;15;10;10;8;16;NA;NA;NA;NA;NA;NA;NA;NA;6;13;NA;20;15;8;12;0;1;1;0;0;0;0;0
53063;;MonteAlegre;10;15;9;10;8;16;234;6;3;40;10;5;14;NA;5;12;NA;21;15;6;NA;0;1;1;2;0;0;0;0
53069;;MonteAlegre;10;15;9;8;8;16;NA;4;5;NA;NA;NA;14;21;7;13;NA;21;15;11;NA;0;1;1;0;0;0;1;0
53064;;MonteAlegre;9;16;10;10;8;17;282;6;5;37;9;5;14;21;9;11;88;20;15;6;13;0;1;0;2;0;0;0;0
53079;;MonteAlegre;9;15;9;11;9;NA;NA;4;4;NA;NA;NA;NA;NA;6;14;NA;17;16;8;NA;0;1;0;NA;NA;0;0;0
53053;;MonteAlegre;10;14;9;10;8;15;255;NA;NA;40;12;4;14;21;7;12;87;20;16;NA;NA;0;1;1;2;0;0;0;NA
53072;;MonteAlegre;9;16;11;10;8;16;230;NA;3;40;11;4;14;NA;6;12;NA;19;14;7;NA;0;1;1;2;0;0;0;0
53081;;MonteAlegre;11;16;9;10;8;15;NA;6;4;NA;NA;5;13;21;8;12;89;20;15;7;NA;0;1;1;2;0;0;0;0
53067;;MonteAlegre;9;15;11;10;9;15;NA;4;3;NA;9;5;14;NA;6;12;88;19;15;6;12;0;1;1;2;0;0;0;0
53070;;MonteAlegre;10;17;10;10;10;16;255;NA;NA;36;10;5;14;20;6;13;86;21;16;NA;NA;0;1;0;2;1;0;0;NA
53056;;MonteAlegre;10;16;11;10;8;13;NA;NA;NA;NA;NA;5;14;NA;7;13;NA;21;14;NA;NA;0;2;0;2;0;0;0;NA
53065;;MonteAlegre;9;15;12;8;8;16;242;NA;NA;43;11;5;NA;20;6;12;NA;21;16;NA;NA;0;1;0;2;0;0;0;NA
37093;;Parana;10;13;12;10;10;15;280;6;5;42;7;3;14;20;8;11;93;21;16;11;11;0;1;0;0;0;0;1;0
37090;;Parana;9;15;11;10;9;16;NA;NA;NA;45;5;2;16;21;7;12;92;21;15;9;NA;0;1;1;2;1;0;1;0
33548;;Parana;7;15;10;10;9;16;265;7;4;41;10;3;14;21;7;11;85;20;15;8;NA;0;1;1;0;0;0;0;0
33581;;Parana;7;16;10;12;9;14;284;NA;NA;43;10;2;14;21;5;12;86;20;15;NA;NA;1;1;0;2;0;0;1;NA
33542;;Parana;7;15;9;10;8;14;267;NA;6;42;9;3;14;21;6;11;85;20;15;7;NA;0;1;0;0;1;0;1;0
33549;;Parana;7;15;10;10;10;16;276;NA;NA;45;10;2;14;19;5;12;83;18;15;NA;NA;0;1;0;2;1;0;2;NA
37116;;Parana;8;15;10;10;9;15;257;9;6;42;9;2;14;21;7;13;87;NA;16;7;NA;0;2;1;2;0;0;1;0
37123;;Parana;7;16;10;10;10;14;NA;9;5;NA;11;4;14;22;8;13;77;19;15;7;NA;0;1;1;2;1;0;0;0
37128;;Parana;9;15;10;10;8;15;NA;NA;4;NA;NA;3;NA;NA;6;12;NA;19;16;7;NA;0;1;1;0;0;0;1;0
33540;;Parana;8;15;10;10;9;15;264;NA;4;43;10;2;14;22;6;13;82;21;15;11;NA;0;1;1;2;1;0;1;0
37088;;Parana;7;13;9;10;8;14;227;NA;6;41;5;2;14;19;7;12;80;21;14;6;NA;0;1;0;2;0;0;1;0
33570;;Parana;8;14;11;10;10;15;245;NA;NA;39;9;2;14;21;5;11;84;20;15;NA;NA;0;1;0;2;0;0;1;NA
33553;;Parana;7;14;10;10;10;16;247;NA;4;42;6;2;14;21;6;12;82;19;15;8;NA;0;1;0;2;1;0;1;NA
33544;;Parana;8;14;9;10;10;14;262;NA;3;44;7;2;14;21;8;12;87;NA;14;7;NA;0;1;1;0;1;0;1;NA
33561;;Parana;7;14;11;10;8;14;235;NA;5;41;6;2;14;20;7;14;84;20;16;7;NA;0;1;0;2;0;0;1;0
33569;;Parana;7;14;11;10;9;14;NA;NA;NA;NA;NA;2;14;21;7;12;82;19;15;NA;NA;0;1;1;2;1;0;1;0
33537;;Parana;9;16;11;10;9;14;255;NA;NA;43;10;2;14;21;5;13;82;20;15;NA;NA;0;1;1;0;0;0;1;NA
33539;;Parana;8;14;9;10;8;14;232;NA;NA;44;7;2;15;19;7;12;84;20;15;8;NA;0;1;0;0;0;0;1;0
37126;;Parana;8;15;12;10;10;15;255;5;4;41;10;2;14;19;8;13;93;21;15;11;NA;0;1;1;0;0;0;0;0
33541;;Parana;8;16;10;10;10;16;254;NA;NA;42;11;4;14;20;8;12;77;19;14;6;NA;0;1;1;0;0;0;1;NA
37125;;Parana;8;13;10;10;10;14;252;NA;5;43;10;3;14;20;6;12;NA;20;12;10;NA;0;1;1;0;0;0;1;0
33545;;Parana;8;14;11;10;8;14;242;NA;4;45;8;2;14;19;7;13;79;21;16;8;NA;0;1;1;2;0;0;2;0
33550;;Parana;9;17;12;12;8;16;282;5;5;44;12;3;14;21;7;12;83;20;16;8;NA;0;1;1;2;0;0;1;0
33558;;Parana;8;15;9;10;10;13;NA;NA;NA;NA;NA;2;14;20;4;12;NA;21;14;7;NA;0;1;1;2;0;0;1;0
33536;;Parana;8;15;10;10;8;12;247;NA;NA;41;12;3;14;21;7;11;67;19;13;NA;NA;0;1;0;0;0;0;1;NA
37115;;Parana;9;15;11;9;8;15;278;NA;NA;42;9;2;14;20;8;13;79;21;16;6;NA;0;1;1;0;0;0;0;NA
37111;;Parana;8;15;12;10;10;17;257;7;4;43;11;3;14;22;6;13;84;20;15;8;14;0;1;1;2;0;0;0;0
37132;;Parana;8;15;11;10;8;14;240;NA;NA;41;7;4;15;19;7;12;86;21;15;NA;NA;0;1;1;0;0;0;0;NA
37098;;Parana;8;14;10;8;8;13;238;NA;NA;41;8;4;14;21;6;11;80;20;15;NA;NA;0;1;1;0;1;0;1;NA
33551;;Parana;8;15;9;10;8;15;257;NA;NA;44;12;2;14;21;7;11;81;23;15;NA;NA;0;1;0;2;0;0;1;NA
37118;;Parana;7;14;10;10;9;15;275;7;5;46;9;3;14;21;7;12;82;19;15;6;NA;0;1;1;2;0;0;1;0
37089;;Parana;8;13;14;10;8;16;258;5;4;40;9;4;14;20;7;11;76;19;14;7;NA;0;1;0;2;0;0;0;0
33563;;Parana;8;16;10;10;8;14;260;10;3;43;9;3;14;21;5;11;73;17;14;7;NA;0;1;0;2;0;0;1;0
37086;;Parana;7;15;11;9;8;15;272;NA;NA;41;8;3;14;NA;8;13;NA;18;16;NA;NA;0;1;1;0;0;0;0;NA
33568;;Parana;8;14;11;10;10;15;264;NA;NA;43;9;4;14;22;5;12;78;20;14;NA;NA;0;1;1;2;1;0;1;NA
37103;;Parana;7;13;10;10;9;12;254;NA;NA;43;0;0;14;19;8;13;78;20;15;NA;NA;0;1;0;2;0;0;0;NA
37096;;Parana;8;14;10;10;9;16;NA;5;5;NA;11;5;14;NA;5;12;79;20;16;8;15;0;1;1;2;0;0;0;0
37114;;Parana;9;14;9;10;8;13;NA;7;5;40;9;5;14;21;6;12;82;19;14;8;NA;0;1;0;2;0;0;0;0
33559;;Parana;8;14;10;10;8;12;263;NA;NA;47;11;3;13;22;5;12;79;20;16;NA;NA;0;1;1;0;0;0;1;NA
37109;;Parana;8;15;11;9;8;14;234;5;5;41;9;3;14;22;8;12;73;19;16;8;NA;0;1;0;2;0;0;0;0
37121;;Parana;8;17;11;10;9;16;263;NA;NA;41;11;3;14;21;7;13;81;20;16;NA;NA;0;1;1;0;0;0;0;NA
37094;;Parana;7;15;10;10;9;16;253;6;3;45;10;4;14;19;7;13;82;20;17;10;NA;0;1;1;0;0;0;0;0
37091;;Parana;8;15;9;10;10;16;235;NA;4;42;10;4;14;NA;7;12;NA;NA;16;7;NA;0;1;1;2;0;0;1;0
37104;;Parana;8;15;10;10;8;15;252;NA;4;41;9;4;14;21;5;13;86;19;17;9;NA;0;1;1;0;0;0;0;0
33547;;Parana;8;14;10;10;8;15;245;7;4;40;10;4;14;21;5;11;86;19;16;7;12;0;1;1;2;0;0;0;0
33564;;Parana;9;14;12;10;10;16;246;6;5;42;10;4;14;NA;7;12;NA;NA;15;7;NA;0;1;1;2;0;0;1;0
33572;;Parana;8;14;10;10;10;15;254;NA;NA;41;6;2;14;21;7;13;87;20;16;NA;NA;0;1;1;2;1;0;2;NA
37095;;Parana;8;14;9;10;8;16;224;6;4;42;7;2;12;20;8;12;82;19;15;11;NA;0;1;1;0;0;0;1;0
37130;;Parana;8;15;9;10;8;14;NA;NA;5;NA;NA;NA;NA;20;7;12;NA;20;16;7;NA;0;1;0;2;0;0;0;0
37120;;Parana;7;16;12;10;8;14;256;8;4;45;10;4;14;19;8;13;73;20;15;7;NA;0;1;1;0;0;0;1;0
37124;;Parana;7;15;9;10;8;16;NA;NA;NA;NA;10;4;14;20;5;12;81;19;16;NA;NA;0;1;1;0;0;0;1;NA
37131;;Parana;8;14;10;10;10;16;NA;7;3;43;9;4;14;21;7;12;73;21;14;9;NA;0;1;0;2;0;0;0;0
37100;;Parana;7;14;10;9;8;14;234;5;4;44;13;4;14;20;8;13;76;21;16;11;NA;0;1;1;2;1;0;0;0
33576;;Parana;9;14;10;10;8;15;246;NA;NA;39;8;2;14;21;5;NA;85;20;16;NA;NA;1;1;1;2;0;0;1;0
37087;;Parana;8;15;11;10;8;16;253;7;5;43;11;4;14;20;7;12;75;21;17;7;NA;0;1;1;2;0;0;0;0
37112;;Parana;7;15;10;10;9;14;237;NA;NA;46;12;4;16;21;5;12;79;21;15;8;NA;0;1;1;2;0;0;0;0
37117;;Parana;8;14;11;10;8;14;238;8;5;41;8;2;14;19;6;11;74;21;15;8;NA;0;1;1;0;0;0;1;0
37108;;Parana;8;14;10;10;9;14;250;8;5;40;11;4;14;19;7;12;73;20;14;6;16;0;1;0;0;0;0;1;0
33567;;Parana;9;15;10;10;9;14;259;8;5;46;11;2;14;22;6;12;76;19;15;8;NA;0;1;0;0;0;0;1;0
37085;;Parana;8;16;10;10;10;14;244;7;5;41;10;2;14;22;9;13;76;20;15;8;14;0;1;1;0;0;0;1;0
37119;;Parana;7;15;12;11;10;13;NA;NA;NA;NA;0;0;14;20;7;12;NA;20;15;11;NA;0;1;0;0;0;1;2;NA
33575;;Parana;8;15;10;11;10;14;253;7;6;41;11;4;14;21;6;12;79;19;15;8;14;0;1;0;2;0;0;1;0
37127;;Parana;7;15;10;10;10;NA;236;NA;NA;NA;7;2;14;21;7;12;75;19;15;NA;NA;0;1;1;0;0;0;1;NA
37106;;Parana;9;14;12;10;10;16;233;NA;6;37;11;3;14;20;5;12;77;20;16;6;NA;0;1;0;0;0;0;1;0
37092;;Parana;7;14;12;10;10;14;235;6;3;40;6;2;13;21;6;12;76;19;15;6;NA;0;1;1;2;0;0;1;0
33580;;Parana;7;14;10;10;8;13;251;NA;NA;43;13;4;14;21;7;12;76;20;16;NA;NA;0;1;1;2;0;0;1;NA
37110;;Parana;8;14;10;9;8;14;231;8;4;42;9;3;14;19;5;13;78;19;17;6;NA;0;1;1;2;0;0;1;0
37122;;Parana;8;16;10;10;8;15;NA;NA;NA;NA;NA;NA;14;19;8;11;69;19;15;7;NA;0;1;0;0;0;0;1;0
33557;;Parana;8;14;10;10;10;15;263;NA;5;38;6;2;14;19;7;13;76;19;17;9;NA;1;1;1;2;0;0;1;NA
37105;;Parana;9;16;11;10;8;13;258;NA;NA;41;8;4;14;21;7;12;75;20;14;NA;NA;0;1;1;0;0;0;1;NA
37113;;Parana;7;16;10;10;10;16;258;NA;NA;41;11;4;14;19;7;12;80;19;14;7;NA;0;1;0;0;0;0;1;NA
37107;;Parana;7;15;10;10;9;15;237;NA;NA;44;12;2;14;21;5;12;74;21;16;8;NA;0;1;1;0;0;0;1;NA
33577;;Parana;7;15;10;10;10;15;239;NA;NA;43;9;3;14;22;5;12;78;20;14;11;NA;0;1;1;2;1;0;1;NA
37138;;Parana;8;15;10;10;10;16;227;6;6;42;11;5;14;20;6;11;78;21;14;6;12;0;1;1;0;0;0;0;0
37129;;Parana;7;15;10;10;8;14;237;NA;NA;42;8;2;14;20;7;12;79;20;14;NA;NA;0;1;1;2;0;0;1;NA
37097;;Parana;7;16;9;10;8;16;229;NA;6;42;7;2;14;20;6;13;76;19;14;7;NA;0;1;1;2;0;0;1;0
37133;;Parana;8;15;10;10;8;15;NA;NA;NA;NA;NA;NA;14;NA;6;12;NA;21;15;NA;NA;0;1;0;0;0;0;0;NA
37137;;Parana;7;15;10;10;9;14;228;NA;NA;38;12;5;13;19;7;12;76;19;14;8;NA;0;1;0;2;0;0;0;0
37135;;Parana;7;13;10;9;8;14;221;7;3;44;12;5;14;20;6;14;72;19;15;8;NA;0;1;0;2;0;0;0;0
37099;;Parana;7;14;11;10;9;15;245;NA;NA;45;11;4;14;20;6;12;78;20;15;NA;NA;0;1;1;0;0;0;1;NA
37134;;Parana;8;16;12;10;8;14;NA;NA;NA;NA;NA;5;14;21;6;12;NA;21;16;NA;NA;0;1;1;2;0;0;0;NA
33582;;Parana;7;15;12;9;8;14;NA;NA;NA;42;12;5;14;NA;6;11;NA;20;14;NA;NA;0;1;0;2;1;0;0;NA
37136;;Parana;7;14;10;10;9;14;236;6;3;43;12;5;NA;20;6;13;71;21;16;7;NA;0;1;0;2;1;0;0;0
37101;;Parana;7;15;10;8;8;14;NA;NA;NA;NA;NA;NA;NA;NA;7;12;78;19;14;NA;NA;0;1;1;2;0;0;0;NA
33579;;Parana;7;13;10;9;8;14;222;3;3;42;12;4;14;20;7;15;72;21;16;10;15;0;1;0;2;1;0;0;0
37102;;Parana;7;15;9;10;8;14;221;NA;5;42;10;5;14;19;7;12;75;19;14;8;NA;0;1;0;2;0;0;0;0
33573;;Parana;8;14;11;9;8;15;NA;NA;NA;NA;NA;3;14;20;9;12;NA;NA;16;NA;NA;0;1;0;2;0;0;1;NA
893;;Pirenopolis;8;18;12;14;10;17;263;NA;NA;30;11;3;12;21;6;13;86;21;17;6;NA;1;2;0;0;0;0;0;0
87;;Pirenopolis;8;16;12;11;10;17;251;6;6;30;10;4;9;20;4;13;85;20;16;6;NA;1;1;1;0;0;0;0;0
11080;;Pirenopolis;9;18;11;12;10;16;256;NA;NA;30;10;5;12;19;5;12;82;20;17;NA;NA;1;2;1;2;1;0;0;NA
39806;;Pirenopolis;9;16;12;10;10;14;254;7;4;29;12;5;12;19;3;12;84;20;16;7;NA;0;1;1;0;0;0;0;0
90;;Pirenopolis;8;14;12;11;10;16;254;4;5;34;9;2;12;20;3;13;82;20;17;8;16;0;1;0;0;0;0;0;0
34684;;Pirenopolis;9;13;12;11;10;16;271;5;5;32;11;5;12;20;4;12;84;20;16;7;NA;0;1;0;2;0;0;0;0
312;;Pirenopolis;8;16;11;10;10;16;244;5;4;30;12;4;12;19;2;13;82;20;16;5;NA;0;1;1;0;1;0;0;0
386;;Pirenopolis;8;14;10;11;10;16;243;6;4;26;10;5;12;20;4;12;79;22;16;5;NA;1;2;0;0;1;0;0;0
391;;Pirenopolis;8;17;11;12;10;16;NA;NA;NA;NA;12;NA;NA;NA;4;15;82;21;19;NA;NA;0;2;0;0;0;0;0;NA
92;;Pirenopolis;10;15;12;12;9;16;232;4;4;28;9;4;12;21;5;12;82;21;15;6;NA;0;2;0;2;0;0;0;0
299;;Pirenopolis;8;14;11;10;9;15;270;5;4;29;12;4;13;21;5;12;82;20;17;8;16;0;2;0;0;1;0;0;0
377;;Pirenopolis;10;17;10;11;10;16;237;NA;3;28;10;3;12;19;6;14;83;20;16;7;NA;0;2;1;0;0;0;0;0
34682;;Pirenopolis;10;14;13;11;10;15;251;NA;6;28;11;4;12;19;3;13;83;21;16;5;NA;0;2;0;2;0;0;0;0
293;;Pirenopolis;8;14;10;12;10;16;241;NA;3;30;8;3;12;20;7;14;82;20;17;5;NA;0;1;1;0;0;0;1;0
91;;Pirenopolis;9;15;11;13;9;17;233;5;5;31;10;4;12;21;5;12;83;20;15;5;NA;1;1;0;0;0;0;0;0
94;;Pirenopolis;9;17;12;12;8;15;241;NA;4;25;9;4;12;22;5;13;83;19;17;7;NA;1;2;0;2;0;0;0;0
88;;Pirenopolis;9;16;12;12;9;15;242;NA;NA;32;9;3;12;19;3;12;85;21;17;6;NA;1;2;1;0;0;0;0;0
385;;Pirenopolis;8;16;13;11;11;16;243;NA;NA;38;11;4;12;20;3;12;71;20;16;8;NA;0;2;0;0;1;0;0;0
86;;Pirenopolis;9;16;12;12;10;14;235;8;4;36;10;4;12;21;3;12;80;20;17;6;NA;0;2;1;2;0;0;0;0
34681;;Pirenopolis;9;15;11;12;8;15;263;3;3;38;10;4;12;21;4;12;85;20;18;8;NA;1;1;0;0;0;0;0;0
297;;Pirenopolis;8;16;11;10;10;16;267;5;5;36;11;4;12;18;4;12;84;20;17;5;NA;0;1;1;0;0;0;0;0
39924;;Pirenopolis;8;16;13;12;10;16;269;NA;NA;NA;NA;NA;NA;NA;4;12;83;20;15;7;NA;1;2;0;0;0;0;0;NA
9497;;Pirenopolis;8;14;12;12;10;15;253;NA;NA;22;10;5;12;21;5;12;79;21;16;NA;NA;1;2;1;0;0;0;0;NA
34683;;Pirenopolis;8;17;12;11;10;16;261;NA;NA;28;11;4;14;20;6;13;83;21;16;NA;NA;1;2;0;0;0;0;0;NA
39851;;Pirenopolis;9;15;11;10;8;15;275;6;6;42;12;4;13;21;4;13;84;19;17;7;NA;1;2;0;0;0;0;0;0
372;;Pirenopolis;8;17;11;11;10;17;250;NA;NA;34;11;4;12;22;6;13;84;20;18;7;NA;1;2;0;2;0;0;0;0
296;;Pirenopolis;8;18;13;12;10;18;260;3;3;27;8;2;13;20;4;14;80;20;16;6;NA;0;2;0;2;0;0;1;0
375;;Pirenopolis;8;15;12;12;10;16;241;3;3;25;12;4;12;20;6;12;83;19;17;6;NA;1;2;0;0;0;0;0;0
374;;Pirenopolis;9;16;12;12;10;17;274;4;4;26;8;4;12;20;2;12;85;22;16;6;15;0;1;0;2;0;0;0;0
373;;Pirenopolis;8;16;11;12;9;15;244;NA;NA;36;11;3;14;22;4;13;85;21;18;7;NA;1;2;0;0;0;0;0;0
384;;Pirenopolis;9;16;10;9;10;15;248;NA;NA;29;10;3;13;21;3;12;77;19;17;NA;NA;1;2;0;0;0;0;0;NA
301;;Pirenopolis;8;16;10;12;10;16;271;NA;NA;27;11;3;12;20;4;13;84;21;17;NA;NA;0;1;1;0;0;0;0;NA
379;;Pirenopolis;9;16;12;12;10;16;290;NA;NA;38;13;4;12;22;4;14;82;22;17;6;NA;1;2;0;0;0;0;0;0
380;;Pirenopolis;8;16;11;12;11;16;256;NA;NA;33;9;3;12;21;4;12;84;19;17;NA;NA;1;2;0;0;0;0;0;NA
388;;Pirenopolis;9;15;12;10;9;17;248;4;4;25;8;5;14;22;1;14;77;18;16;4;NA;0;2;0;0;0;0;0;0
292;;Pirenopolis;8;15;10;11;10;15;243;6;5;33;11;4;12;22;4;11;81;19;17;5;NA;1;1;1;0;0;0;0;0
387;;Pirenopolis;8;16;12;11;10;15;255;NA;6;27;12;4;14;19;6;13;86;20;16;7;NA;1;2;0;0;0;0;0;0
311;;Pirenopolis;8;15;11;10;9;15;250;6;5;31;10;4;16;22;3;13;78;22;16;5;14;0;2;1;2;0;0;0;0
93;;Pirenopolis;9;15;11;11;10;16;267;NA;NA;31;7;3;12;20;3;13;81;20;17;NA;NA;0;2;0;0;0;0;0;NA
396;;Pirenopolis;9;16;10;12;10;16;238;3;3;32;9;4;12;20;3;12;78;19;17;7;14;1;2;1;2;0;0;0;0
310;;Pirenopolis;8;17;13;12;10;15;267;4;5;25;10;5;12;20;2;13;85;21;17;9;NA;1;1;1;0;0;0;0;0
307;;Pirenopolis;9;13;11;11;10;17;271;4;4;32;11;5;13;18;6;12;84;20;17;6;NA;1;1;0;0;0;0;0;0
294;;Pirenopolis;8;15;13;11;10;15;268;NA;NA;24;12;6;12;20;2;15;81;22;16;NA;NA;1;2;0;0;0;0;0;NA
389;;Pirenopolis;9;16;11;13;10;16;264;6;7;33;10;5;13;21;5;12;75;21;16;8;NA;1;2;0;0;1;0;0;0
392;;Pirenopolis;8;16;10;10;8;17;265;5;7;40;13;5;12;20;5;12;84;21;15;8;17;0;2;0;0;0;0;0;0
309;;Pirenopolis;10;16;12;12;10;15;279;NA;NA;29;10;4;13;21;2;13;82;20;17;NA;NA;1;2;1;0;0;0;0;NA
314;;Pirenopolis;9;15;13;11;8;14;261;NA;NA;34;10;4;14;22;6;12;84;22;15;NA;NA;1;2;0;0;0;0;0;0
304;;Pirenopolis;9;16;11;9;12;14;268;4;3;39;11;5;12;22;3;13;83;22;16;6;13;1;2;0;0;0;0;0;0
302;;Pirenopolis;8;15;11;12;10;16;283;NA;5;31;11;5;13;22;2;13;84;21;16;7;NA;1;2;0;0;0;0;0;0
95;;Pirenopolis;10;18;10;12;10;16;282;5;4;35;8;4;12;21;5;12;89;22;16;10;NA;0;2;1;0;0;0;0;0
308;;Pirenopolis;9;15;13;11;10;16;254;3;2;27;11;5;13;22;3;12;83;19;17;NA;NA;1;2;0;0;0;0;0;0
390;;Pirenopolis;10;16;13;13;11;17;266;NA;NA;28;9;5;12;20;5;13;82;21;18;4;1;2;0;0;0;0;0;0;NA
306;;Pirenopolis;9;17;11;11;10;16;258;4;4;37;10;5;12;20;3;12;81;21;17;6;NA;1;2;0;0;0;0;0;0
376;;Pirenopolis;10;17;12;12;10;16;262;3;3;36;10;4;14;22;4;13;90;22;17;9;NA;1;1;1;0;0;0;0;0
313;;Pirenopolis;9;16;10;12;10;17;248;5;3;31;10;6;12;21;2;12;81;20;16;5;NA;1;2;0;0;0;0;0;0
298;;Pirenopolis;8;17;12;12;11;16;NA;NA;NA;27;10;5;13;21;5;12;90;21;17;NA;NA;1;2;0;0;0;0;0;NA
303;;Pirenopolis;10;18;10;12;9;16;252;NA;NA;34;12;5;12;20;2;12;89;21;17;NA;NA;0;1;1;0;0;0;0;0
381;;Pirenopolis;8;18;11;12;10;16;241;NA;NA;30;11;4;13;21;6;12;87;20;17;NA;NA;1;2;0;2;0;0;0;0
378;;Pirenopolis;9;15;11;12;10;18;290;6;5;35;12;5;14;20;5;12;86;20;16;8;NA;1;2;0;0;0;0;0;0
395;;Pirenopolis;10;16;11;10;10;15;NA;5;3;NA;10;5;12;20;4;14;87;21;17;11;NA;1;2;0;0;0;0;0;0
398;;Pirenopolis;9;14;12;11;10;14;241;5;4;36;11;5;12;20;6;12;85;20;16;7;NA;1;2;0;0;0;0;0;0
383;;Pirenopolis;8;14;11;10;8;15;259;NA;NA;34;10;5;12;21;3;12;84;20;16;NA;NA;1;2;0;0;0;0;0;NA
397;;Pirenopolis;8;18;13;12;8;16;251;NA;NA;25;9;4;11;22;3;12;79;19;17;NA;NA;1;2;0;2;0;0;0;0
305;;Pirenopolis;10;19;10;13;10;15;252;NA;NA;NA;10;4;12;20;5;11;74;20;17;NA;NA;1;2;0;0;0;0;0;0
300;;Pirenopolis;9;15;11;10;10;15;274;NA;NA;33;11;4;12;22;3;12;83;19;17;6;NA;0;2;0;2;0;0;0;0
96;;Pirenopolis;9;15;11;12;8;16;234;5;4;34;12;5;12;19;3;14;90;20;17;6;16;1;2;0;2;1;0;0;0
394;;Pirenopolis;9;16;11;12;10;15;NA;4;3;NA;NA;4;12;NA;5;13;78;21;17;5;NA;1;2;0;2;1;0;0;0
382;;Pirenopolis;8;15;11;12;10;16;NA;NA;3;NA;NA;NA;12;20;2;11;90;22;16;7;NA;1;2;0;0;0;0;0;0
399;;Pirenopolis;9;15;13;10;10;17;240;NA;NA;33;11;3;12;19;4;13;88;19;17;NA;NA;1;2;0;0;0;0;0;NA
89;;Pirenopolis;8;15;10;11;9;17;254;NA;5;33;11;4;12;19;4;12;89;20;16;7;NA;1;2;0;2;0;0;0;0
35225;;SaoDomingos;7;16;11;10;8;17;255;NA;NA;46;10;4;14;21;7;13;75;19;15;NA;NA;0;1;1;0;0;0;1;NA
33556;;SaoDomingos;8;15;10;12;10;17;239;6;4;48;9;3;15;20;7;13;72;17;16;6;NA;0;1;1;0;0;0;1;0
33566;;SaoDomingos;8;18;9;10;8;17;272;4;4;44;11;2;14;21;8;13;79;19;15;8;NA;0;1;1;2;0;0;1;0
35215;;SaoDomingos;7;15;10;10;8;17;247;NA;NA;41;11;4;14;19;5;13;72;19;17;7;NA;0;1;1;0;0;0;2;NA
35233;;SaoDomingos;8;17;11;13;12;16;228;NA;NA;29;9;2;15;20;3;14;77;20;16;9;NA;1;2;1;0;0;0;0;NA
37141;;SaoDomingos;7;16;10;10;10;17;NA;NA;4;NA;10;4;13;19;5;13;NA;19;15;6;NA;1;2;0;0;0;0;1;0
33538;;SaoDomingos;8;16;11;11;10;16;252;NA;NA;46;10;3;14;22;7;12;79;18;14;NA;NA;1;1;1;0;0;0;2;NA
33565;;SaoDomingos;9;16;10;10;9;17;258;NA;NA;43;11;2;13;18;6;13;NA;18;16;NA;NA;0;1;1;0;0;0;1;NA
35207;;SaoDomingos;9;19;13;13;10;14;229;6;5;30;10;3;14;21;3;13;69;17;15;6;NA;0;1;1;2;0;0;0;0
35228;;SaoDomingos;9;15;12;13;10;16;223;6;4;28;10;3;14;19;5;11;69;17;14;8;NA;0;2;0;0;0;0;1;0
35218;;SaoDomingos;7;16;12;12;10;16;236;6;4;30;6;3;14;21;3;15;80;21;15;7;11;0;0;1;2;0;0;1;0
35209;;SaoDomingos;7;13;9;10;10;17;252;NA;5;38;9;2;14;21;5;13;68;19;15;6;NA;0;1;1;0;0;0;1;0
37152;;SaoDomingos;8;19;11;12;10;16;225;6;4;36;11;4;14;20;4;12;77;19;14;6;NA;0;1;0;2;0;0;1;0
43927;;SaoDomingos;9;16;10;12;10;17;226;6;5;30;8;4;15;19;4;13;70;19;16;6;NA;0;2;1;0;0;0;1;0
37146;;SaoDomingos;8;16;11;12;9;15;221;NA;NA;38;9;3;15;18;3;11;72;18;14;NA;NA;0;2;0;0;0;0;1;NA
43932;;SaoDomingos;8;17;11;12;10;15;220;3;4;32;7;3;13;16;4;13;75;19;16;5;NA;0;2;0;0;0;0;0;0
43930;;SaoDomingos;9;16;11;14;11;16;221;5;4;34;8;2;16;20;4;15;75;18;16;6;NA;0;2;0;0;0;0;0;0
33574;;SaoDomingos;7;16;11;12;10;16;250;NA;NA;38;8;2;14;21;8;12;71;22;15;8;NA;0;2;0;2;0;0;1;0
33543;;SaoDomingos;7;16;11;11;10;15;273;8;4;42;8;2;14;20;5;12;67;19;15;6;13;0;1;1;0;0;0;1;0
43924;;SaoDomingos;7;15;11;12;10;15;266;8;4;38;10;4;14;20;5;13;84;20;14;7;16;0;2;1;0;1;0;0;0
33554;;SaoDomingos;9;17;11;12;10;14;257;NA;NA;39;10;3;14;21;6;12;81;20;16;NA;NA;1;2;0;2;0;0;1;NA
35217;;SaoDomingos;9;16;12;13;10;15;242;NA;4;33;10;4;16;21;2;15;78;19;17;5;NA;0;2;0;2;0;0;1;0
43922;;SaoDomingos;8;15;10;11;8;13;258;6;3;40;10;4;15;20;8;13;76;18;16;5;12;0;1;1;2;0;0;0;0
35196;;SaoDomingos;9;18;11;12;10;15;265;6;4;29;11;4;16;20;3;13;72;20;15;8;NA;1;2;0;0;0;0;1;0
43923;;SaoDomingos;8;18;11;11;10;15;264;7;4;42;11;5;14;22;5;13;82;21;16;6;NA;1;1;1;2;0;0;0;0
33560;;SaoDomingos;7;14;10;11;10;14;249;NA;NA;42;12;4;12;21;7;12;74;18;15;NA;NA;0;1;1;0;0;0;1;NA
37157;;SaoDomingos;8;17;11;12;10;15;236;NA;NA;31;8;2;15;20;4;12;69;19;15;NA;NA;1;2;1;0;0;0;0;NA
37156;;SaoDomingos;8;16;9;12;10;14;252;6;4;30;9;2;14;20;3;12;69;20;15;6;NA;0;1;1;0;0;0;1;0
37149;;SaoDomingos;9;15;12;10;8;15;257;6;4;35;9;4;14;20;6;13;76;21;15;6;12;1;1;0;0;0;0;1;0
37155;;SaoDomingos;8;16;9;11;10;15;NA;NA;NA;NA;NA;NA;NA;NA;3;12;NA;20;16;NA;NA;0;1;1;0;0;0;1;NA
37158;;SaoDomingos;8;16;11;12;11;15;266;NA;4;35;0;0;14;18;5;13;79;21;17;6;NA;1;0;0;0;0;1;1;0
37151;;SaoDomingos;7;15;11;14;11;15;258;4;4;28;10;2;16;18;5;13;79;20;17;6;13;0;2;0;0;0;0;1;0
37150;;SaoDomingos;7;16;11;12;10;15;255;NA;NA;39;13;5;14;21;8;12;83;22;15;7;NA;0;1;1;0;0;0;1;0
35229;;SaoDomingos;8;16;12;13;10;14;244;NA;4;35;8;2;16;21;3;11;78;21;15;7;NA;0;2;0;2;0;0;1;NA
43929;;SaoDomingos;8;18;10;11;9;15;NA;7;4;NA;9;5;14;21;7;13;72;18;NA;4;NA;0;1;1;0;0;0;1;0
37143;;SaoDomingos;8;17;11;12;10;15;238;4;3;NA;NA;NA;NA;NA;2;13;82;23;16;4;NA;0;2;1;0;0;0;1;0
35208;;SaoDomingos;8;16;11;13;11;13;248;NA;NA;42;12;4;14;19;6;13;74;21;NA;NA;NA;0;1;1;0;0;0;1;NA
35223;;SaoDomingos;7;17;10;13;11;15;270;5;5;32;9;3;14;19;4;13;82;20;15;5;NA;0;2;0;0;0;0;0;0
37160;;SaoDomingos;8;15;11;14;12;14;246;NA;NA;NA;NA;3;16;NA;4;14;83;21;18;NA;NA;1;2;0;2;0;0;1;NA
33578;;SaoDomingos;NA;NA;NA;NA;NA;NA;NA;NA;NA;NA;NA;NA;14;21;NA;16;NA;19;14;9;NA;NA;NA;NA;NA;NA;0;1;0
35221;;SaoDomingos;7;16;11;11;10;16;NA;NA;NA;34;8;3;14;21;8;11;79;18;15;NA;NA;1;2;0;2;0;0;1;NA
37153;;SaoDomingos;9;17;12;13;10;15;NA;5;4;32;9;2;16;18;5;12;71;19;15;7;NA;0;1;1;0;0;0;1;0
43931;;SaoDomingos;7;16;11;12;10;15;256;NA;NA;40;10;4;14;19;8;12;77;20;15;5;NA;0;1;1;0;0;0;0;NA
43914;;SaoDomingos;8;15;10;12;10;15;247;7;6;33;10;3;14;19;3;13;77;20;15;8;11;0;1;1;2;0;0;0;0
35202;;SaoDomingos;8;16;10;12;8;16;243;5;4;32;10;3;15;19;4;14;79;20;14;7;NA;1;2;0;2;0;0;1;0
43919;;SaoDomingos;7;19;11;12;10;14;251;5;4;42;9;4;14;20;7;12;74;20;15;7;14;0;1;0;0;1;0;1;0
37147;;SaoDomingos;8;16;10;14;10;15;260;NA;NA;28;9;3;14;21;5;14;79;20;15;NA;NA;0;2;0;0;0;0;1;NA
37139;;SaoDomingos;7;18;10;12;10;15;235;NA;NA;39;11;4;14;23;5;12;65;19;15;5;NA;0;1;1;2;0;0;1;NA
35210;;SaoDomingos;7;16;10;11;10;13;256;6;5;40;10;4;14;20;7;12;65;21;16;4;11;0;1;1;2;0;0;1;0
37145;;SaoDomingos;8;15;11;11;10;16;254;NA;5;39;10;4;14;19;8;13;76;16;14;5;NA;1;1;0;2;0;0;1;0
33555;;SaoDomingos;7;18;11;12;10;16;248;NA;NA;43;10;4;14;18;7;13;72;19;16;5;NA;0;1;1;0;0;0;1;NA
37144;;SaoDomingos;8;18;11;12;10;15;NA;4;4;44;10;4;15;21;8;13;NA;18;15;4;NA;1;2;1;2;0;0;0;0
37159;;SaoDomingos;8;15;9;12;10;12;223;NA;NA;NA;5;2;14;NA;8;12;66;18;14;5;NA;0;2;1;0;0;0;1;0
37140;;SaoDomingos;7;17;11;12;10;14;235;NA;NA;42;10;4;14;21;7;12;64;NA;16;NA;NA;1;1;0;0;0;0;1;NA
37161;;SaoDomingos;7;18;10;11;10;16;244;NA;NA;40;11;4;14;21;7;12;70;18;15;NA;NA;1;2;1;2;0;0;1;NA
37148;;SaoDomingos;8;17;11;11;10;14;250;NA;NA;32;0;0;14;20;2;13;76;19;16;6;NA;1;2;0;0;0;2;1;NA
35212;;SaoDomingos;8;17;11;12;10;13;253;4;4;43;10;3;14;20;5;12;77;20;16;8;NA;1;1;1;0;0;0;1;0
35224;;SaoDomingos;7;16;11;12;10;15;231;4;3;30;8;3;14;20;4;14;77;21;16;4;NA;0;2;0;0;0;0;0;0
35232;;SaoDomingos;8;16;12;14;10;13;239;NA;NA;37;9;3;16;21;3;13;74;21;16;NA;NA;0;1;1;0;0;0;0;NA
35214;;SaoDomingos;8;18;10;12;10;16;264;NA;NA;43;10;3;14;21;7;12;76;21;16;8;NA;0;1;1;2;0;0;0;0
35206;;SaoDomingos;9;18;10;13;10;12;258;NA;NA;33;11;4;15;21;3;11;78;20;16;6;NA;0;2;0;0;0;0;1;NA
43908;;SaoDomingos;8;17;10;12;9;13;228;NA;NA;28;9;4;14;19;3;13;71;21;15;NA;NA;0;2;1;2;0;0;1;NA
35230;;SaoDomingos;8;18;10;12;10;15;227;5;4;38;9;4;14;19;5;12;72;21;15;5;NA;0;1;1;2;1;0;1;0
43916;;SaoDomingos;7;16;10;12;10;16;250;5;4;36;11;4;14;20;6;13;75;20;16;5;14;1;1;0;2;0;0;0;0
35204;;SaoDomingos;7;16;10;11;10;15;246;3;3;35;10;4;13;20;5;12;75;21;16;4;14;0;1;1;2;0;0;0;0
43920;;SaoDomingos;8;17;10;12;10;15;253;4;2;35;10;3;14;19;6;13;73;20;16;5;11;0;1;1;2;0;0;0;0
43921;;SaoDomingos;8;18;13;14;10;16;NA;5;2;34;9;2;16;20;4;15;76;20;16;5;13;1;2;0;0;1;0;0;0
35213;;SaoDomingos;7;16;10;11;10;16;266;NA;NA;42;11;3;14;21;5;14;77;20;15;NA;NA;0;1;0;2;0;0;1;NA
35220;;SaoDomingos;8;18;12;12;12;16;247;NA;NA;37;9;3;13;19;8;13;75;19;15;6;NA;1;2;1;0;0;0;1;NA
35231;;SaoDomingos;7;15;11;14;11;16;245;4;2;35;9;3;14;22;3;12;80;19;15;5;13;0;2;0;2;0;0;0;0
43925;;SaoDomingos;8;16;10;11;10;15;267;NA;2;40;11;4;14;21;5;13;72;20;16;5;NA;1;2;1;0;0;0;0;0
37154;;SaoDomingos;8;16;10;12;10;15;245;NA;NA;33;8;2;14;19;3;12;73;19;15;7;NA;0;2;0;0;0;0;1;NA
33552;;SaoDomingos;7;16;10;10;8;14;257;NA;3;39;10;3;12;21;7;11;82;22;15;7;NA;0;1;0;0;0;0;1;0
43926;;SaoDomingos;8;16;10;11;10;14;278;NA;NA;44;11;3;13;19;7;14;81;20;16;NA;NA;0;1;1;0;0;0;1;NA
33546;;SaoDomingos;8;15;10;10;8;15;233;NA;NA;38;11;3;14;NA;4;12;NA;19;15;NA;NA;0;1;1;2;0;0;1;NA
35203;;SaoDomingos;7;18;10;11;8;12;225;4;3;40;9;4;13;19;8;13;76;20;14;6;13;0;2;1;2;0;0;1;0
37142;;SaoDomingos;9;17;9;12;10;16;232;NA;NA;29;9;2;14;18;4;15;74;20;17;NA;NA;0;2;0;0;0;0;1;NA
43913;;SaoDomingos;7;16;10;12;10;16;235;5;4;45;9;4;14;21;6;12;70;18;16;7;13;1;2;1;0;0;0;0;0
43928;;SaoDomingos;7;17;12;13;10;16;223;NA;NA;30;9;3;14;22;3;13;74;19;16;7;NA;1;2;0;0;0;0;1;0
35219;;SaoDomingos;8;16;11;13;10;14;240;4;4;29;10;3;14;22;6;13;76;20;16;6;NA;0;1;1;0;0;0;1;0
37162;;SaoDomingos;8;15;10;12;10;15;238;5;4;30;10;3;14;19;5;13;73;19;16;7;NA;0;1;1;0;0;0;1;0
33571;;SaoDomingos;7;17;11;10;10;15;NA;NA;NA;NA;NA;NA;NA;NA;6;12;NA;21;16;5;NA;0;1;1;2;0;0;1;0
43912;;SaoDomingos;8;16;11;12;8;13;236;5;4;36;12;4;14;21;7;13;80;21;15;NA;NA;0;1;1;0;0;0;0;0
35198;;SaoDomingos;8;17;11;14;11;16;251;6;4;29;10;3;15;19;3;14;75;NA;16;5;NA;0;2;0;0;0;0;0;0
43917;;SaoDomingos;8;17;12;12;10;13;253;7;4;NA;9;4;14;20;5;12;77;21;15;13;NA;0;1;1;0;0;0;0;0
35226;;SaoDomingos;8;16;11;10;8;13;223;NA;4;34;11;4;15;21;5;12;76;21;16;5;NA;0;1;1;0;0;0;0;0
35201;;SaoDomingos;7;16;10;10;9;15;263;NA;3;38;8;3;14;19;7;11;70;18;15;6;NA;0;2;0;2;0;0;1;0
35197;;SaoDomingos;7;15;10;12;9;14;268;6;4;38;10;4;14;18;7;12;67;20;15;6;14;1;1;1;2;1;0;0;0
43915;;SaoDomingos;9;16;11;10;10;14;256;5;4;27;9;3;14;19;6;13;74;18;16;5;NA;1;2;1;2;1;0;1;0
43906;;SaoDomingos;8;14;11;12;10;15;237;NA;NA;NA;9;2;14;17;4;13;87;21;15;NA;NA;0;1;0;0;0;0;1;NA
37163;;SaoDomingos;9;15;13;10;10;15;261;5;4;29;10;2;14;19;3;13;71;20;15;4;NA;0;2;1;0;0;0;0;0
43911;;SaoDomingos;7;15;10;11;10;NA;NA;3;2;NA;NA;3;14;20;6;13;69;20;16;5;14;1;1;1;0;0;0;0;0
35222;;SaoDomingos;8;18;12;12;10;14;265;6;3;38;11;4;14;22;6;13;70;20;16;8;NA;1;1;1;2;0;0;0;0
35216;;SaoDomingos;8;16;10;14;12;15;236;3;3;39;11;4;15;21;6;13;87;21;16;7;NA;0;1;1;2;0;0;0;0
43907;;SaoDomingos;7;18;12;13;10;15;243;3;3;39;12;4;14;20;5;13;78;20;16;5;14;0;1;0;2;1;0;0;0
43903;;SaoDomingos;7;16;10;12;10;14;226;NA;4;34;10;3;14;19;6;13;69;19;16;5;NA;0;1;0;2;1;0;0;0
35199;;SaoDomingos;7;18;9;12;9;15;232;4;3;36;8;4;14;18;6;12;65;18;15;5;NA;0;1;1;2;1;0;1;0
35200;;SaoDomingos;7;17;11;12;10;14;232;3;4;35;10;4;14;21;6;13;80;21;16;7;NA;0;1;0;2;1;0;0;0
35211;;SaoDomingos;8;17;10;12;10;15;233;3;2;37;9;5;14;19;8;12;73;18;15;5;NA;0;1;0;2;0;0;0;0
40288;;SaoDomingos;8;13;11;12;10;15;242;3;2;34;9;4;14;NA;5;13;70;20;15;6;NA;1;1;0;2;1;0;0;0
35205;;SaoDomingos;8;15;11;12;12;15;253;4;4;29;8;3;14;20;3;13;85;20;16;7;13;0;2;0;0;0;0;1;0
43910;;SaoDomingos;7;15;9;12;10;15;NA;3;2;NA;NA;NA;NA;NA;6;13;73;20;15;NA;NA;0;1;0;2;0;0;0;0
43898;;SaoDomingos;7;18;9;13;10;15;238;NA;NA;31;10;3;14;19;3;13;81;18;15;6;NA;0;2;0;0;1;0;1;0
43909;;SaoDomingos;9;15;11;12;10;15;256;4;3;NA;NA;2;14;21;7;13;81;22;14;6;NA;0;1;0;0;0;0;0;0
35227;;SaoDomingos;8;16;11;12;9;16;245;3;2;37;11;4;14;18;8;12;73;21;16;6;14;0;1;1;2;0;0;1;0
43918;;SaoDomingos;7;13;10;11;8;15;223;6;3;37;12;4;15;19;6;11;74;20;14;4;12;0;1;1;2;0;0;1;0
43896;;SaoDomingos;8;16;12;12;10;15;230;NA;2;32;10;2;14;20;6;12;74;21;15;6;NA;0;1;1;0;0;0;1;0
28214;;Mateiros;9;15;11;12;10;15;253;7;5;37;9;3;14;18;7;11;76;21;16;5;NA;0;1;1;2;0;0;1;0
28277;;Mateiros;8;15;11;12;10;13;251;5;5;43;9;2;14;21;7;11;75;21;15;6;12;0;1;0;2;0;0;1;0
42356;;Mateiros;8;15;11;11;8;15;268;7;4;41;10;3;14;21;5;12;84;20;17;6;12;0;1;1;0;0;0;0;0
28296;;Mateiros;7;16;11;12;10;14;238;6;3;38;10;3;14;21;6;12;74;19;16;6;13;0;1;1;2;0;0;1;0
28211;;Mateiros;7;15;11;13;10;15;NA;NA;NA;NA;NA;2;14;21;6;11;75;19;14;NA;NA;0;1;0;0;0;0;1;NA
28215;;Mateiros;7;14;10;11;10;15;218;NA;4;38;9;3;14;20;6;10;73;19;13;5;NA;0;1;1;2;0;0;1;0
28247;;Mateiros;8;16;11;10;9;15;239;NA;NA;28;7;3;14;20;6;12;69;20;16;NA;NA;0;0;1;0;0;0;1;NA
42351;;Mateiros;7;17;11;8;10;14;235;NA;NA;37;10;2;14;20;2;12;74;20;15;6;NA;1;1;1;2;0;0;0;NA
28259;;Mateiros;7;15;10;12;10;16;243;5;3;36;7;2;14;20;5;11;71;21;15;8;0;1;1;0;0;0;0;1;1
28212;;Mateiros;7;16;11;11;10;16;220;NA;NA;38;8;2;14;19;5;12;67;20;15;6;NA;0;1;1;2;0;0;2;NA
28235;;Mateiros;8;15;11;12;10;15;253;NA;NA;38;9;2;14;20;6;12;74;18;15;NA;NA;0;1;1;2;0;0;1;NA
28205;;Mateiros;7;15;12;11;10;14;228;NA;NA;39;9;3;15;19;8;12;73;19;14;NA;NA;0;1;1;2;0;0;1;NA
28216;;Mateiros;8;14;10;11;10;16;250;7;4;40;9;NA;NA;20;6;11;NA;20;15;5;10;0;1;0;2;0;0;1;0
28218;;Mateiros;7;14;10;12;10;13;247;NA;3;38;12;2;14;17;5;12;66;19;16;5;NA;0;1;1;2;0;0;1;NA
28209;;Mateiros;8;15;12;10;9;14;236;7;3;40;10;3;14;20;6;12;78;20;15;5;NA;1;1;1;2;0;0;1;0
28231;;Mateiros;8;13;9;12;10;15;262;7;3;39;12;3;14;18;5;12;87;21;16;6;14;0;1;0;0;0;0;0;0
28258;;Mateiros;9;16;12;12;10;14;225;7;3;41;11;4;14;19;7;11;67;19;15;5;11;0;1;0;2;0;0;0;0
28299;;Mateiros;7;16;10;12;9;14;219;NA;3;37;6;2;14;19;6;13;76;19;14;4;NA;1;1;0;2;0;0;1;0
28257;;Mateiros;8;16;10;12;10;16;245;NA;NA;NA;10;4;14;19;7;12;72;20;16;NA;NA;1;1;1;2;0;0;0;0
28207;;Mateiros;8;14;13;11;10;13;232;NA;4;40;11;3;14;18;7;11;76;20;15;5;NA;0;1;1;2;0;0;0;0
28284;;Mateiros;9;14;13;12;10;15;235;NA;NA;NA;10;4;14;20;3;12;69;20;15;NA;NA;1;1;1;2;0;0;0;NA
28229;;Mateiros;8;15;11;12;11;14;242;7;4;41;11;3;14;18;7;11;66;19;15;6;NA;0;1;0;2;0;0;1;0
28251;;Mateiros;8;15;10;12;10;14;NA;NA;NA;NA;NA;NA;14;20;7;11;NA;18;14;NA;NA;0;NA;0;0;0;0;0;NA
28230;;Mateiros;7;14;12;12;10;15;246;6;3;37;12;4;14;20;5;11;64;19;15;5;11;1;1;0;2;0;0;0;0
28223;;Mateiros;8;14;10;11;10;14;235;6;3;40;11;3;14;18;2;12;77;20;15;6;NA;0;1;1;2;0;0;1;0
28290;;Mateiros;9;13;11;12;10;15;244;6;4;41;10;4;14;19;4;11;66;20;15;5;NA;1;1;1;2;0;0;0;0
28294;;Mateiros;8;13;11;12;10;14;235;7;4;36;12;4;14;20;7;12;65;19;15;5;NA;0;1;0;0;0;0;1;0
28242;;Mateiros;8;15;12;12;11;15;232;NA;4;39;9;2;14;19;5;12;69;19;14;6;NA;1;1;1;0;0;0;0;NA
28237;;Mateiros;7;13;9;10;10;15;226;NA;NA;39;9;2;14;20;7;12;63;21;16;6;NA;0;1;0;2;0;0;1;NA
28280;;Mateiros;8;14;11;11;10;15;226;7;3;36;10;3;14;20;7;11;76;21;15;5;16;0;1;1;2;0;0;0;0
42355;;Mateiros;7;15;10;11;10;16;225;NA;NA;37;9;3;14;20;4;12;76;20;16;NA;NA;0;1;1;2;0;0;0;NA
28281;;Mateiros;7;14;11;10;9;15;235;NA;NA;37;9;4;14;21;4;12;65;21;15;6;NA;1;1;1;2;0;0;0;NA
28221;;Mateiros;7;15;9;12;10;15;248;7;4;41;10;2;14;20;5;12;66;20;15;6;NA;1;1;1;0;0;0;1;0
28227;;Mateiros;8;16;13;12;10;15;247;6;4;42;12;4;14;21;6;12;79;20;15;6;NA;0;1;1;2;0;0;0;0
28283;;Mateiros;7;16;10;12;10;15;245;7;4;37;9;4;14;19;6;12;73;21;15;6;15;0;1;1;2;0;0;0;0
28297;;Mateiros;8;15;12;12;10;16;237;5;3;38;12;4;14;18;6;12;65;20;15;5;NA;0;1;0;0;0;0;0;0
28232;;Mateiros;7;15;10;12;8;14;225;NA;NA;31;6;2;14;20;7;11;65;20;14;NA;NA;1;1;1;0;0;0;1;NA
28300;;Mateiros;7;17;9;14;10;15;231;NA;NA;39;11;2;14;19;6;11;72;19;14;6;NA;0;1;0;2;0;0;0;0
28249;;Mateiros;8;15;12;12;10;14;244;7;4;36;11;3;14;20;7;12;76;19;16;7;NA;0;1;0;0;0;0;0;0
28301;;Mateiros;7;15;11;12;10;15;235;7;5;37;11;3;14;18;5;13;66;21;15;5;NA;1;1;1;0;0;0;0;0
28217;;Mateiros;8;13;12;12;10;14;249;NA;NA;36;10;4;14;19;7;14;71;19;17;NA;NA;0;1;1;2;0;0;0;NA
28295;;Mateiros;8;15;11;11;10;14;NA;4;6;NA;9;3;14;NA;5;13;69;20;15;7;14;0;1;1;2;0;0;0;0
28278;;Mateiros;7;13;12;12;10;15;227;NA;NA;43;9;2;14;18;5;11;70;20;15;NA;NA;0;1;1;0;0;0;1;NA
28222;;Mateiros;8;13;12;12;10;15;222;NA;NA;36;6;2;14;21;5;NA;73;19;15;6;NA;0;1;0;0;0;0;2;NA
28233;;Mateiros;7;16;14;12;10;15;226;6;4;42;8;2;14;20;3;13;78;19;15;4;NA;0;1;1;2;0;0;0;0
28267;;Mateiros;8;15;12;12;10;15;NA;6;3;NA;NA;2;14;20;6;10;NA;21;14;5;12;1;1;1;0;0;0;1;0
28260;;Mateiros;8;15;9;12;10;14;229;NA;NA;39;8;2;14;18;4;11;74;21;15;NA;NA;1;2;0;0;0;0;1;NA
28250;;Mateiros;8;15;11;10;9;14;226;7;4;38;8;3;14;20;7;11;NA;21;15;5;NA;0;1;1;0;0;0;1;0
28288;;Mateiros;8;15;11;10;8;13;229;NA;4;39;10;2;14;20;7;12;NA;19;15;5;NA;0;1;1;2;0;0;1;0
28246;;Mateiros;7;15;10;12;10;14;NA;NA;4;NA;NA;2;14;19;6;11;63;19;15;5;NA;0;1;0;2;0;0;0;0
28244;;Mateiros;8;16;11;12;9;14;235;NA;4;34;8;2;14;18;5;12;66;18;15;5;NA;0;1;0;0;0;0;0;0
28279;;Mateiros;7;15;13;10;10;14;219;NA;NA;35;10;2;14;20;6;10;68;20;14;5;NA;0;1;0;2;0;0;1;NA
28285;;Mateiros;7;15;13;12;10;15;236;NA;NA;41;10;3;14;20;6;NA;71;18;15;NA;NA;0;1;0;0;0;0;0;NA
28241;;Mateiros;8;16;12;11;11;14;238;6;4;38;11;3;14;19;4;12;68;21;15;5;NA;0;1;0;0;0;0;0;0
28220;;Mateiros;8;14;12;14;10;14;245;8;4;40;12;3;14;19;6;11;71;18;15;5;13;0;1;1;0;0;0;0;0
28276;;Mateiros;7;15;11;10;10;16;NA;NA;4;NA;NA;NA;14;NA;5;12;NA;19;14;5;NA;1;1;1;2;0;0;1;0
28306;;Mateiros;8;16;11;12;10;14;245;NA;4;38;10;4;14;NA;5;11;74;18;14;7;NA;1;1;1;0;0;0;0;0
28298;;Mateiros;8;14;12;12;10;14;221;NA;NA;NA;9;4;14;19;8;12;73;20;15;NA;NA;0;1;1;0;0;0;0;0
28253;;Mateiros;8;13;12;10;10;13;217;NA;4;38;8;2;14;20;5;12;70;18;15;5;NA;0;1;1;2;0;0;1;NA
28243;;Mateiros;7;15;13;10;10;13;233;NA;NA;37;10;3;14;20;5;11;70;20;16;6;NA;0;1;0;2;0;0;1;NA
28287;;Mateiros;7;16;11;10;10;15;246;5;5;41;9;2;14;20;6;11;76;21;17;5;NA;0;1;0;0;0;0;0;0
28282;;Mateiros;7;14;11;12;10;13;230;NA;4;45;9;2;14;20;6;13;75;20;15;5;NA;1;1;1;2;0;0;0;NA
28219;;Mateiros;8;13;11;12;10;15;232;NA;NA;39;11;4;14;18;3;13;63;19;16;NA;NA;1;1;0;2;0;0;0;NA
28275;;Mateiros;7;12;11;10;9;15;228;NA;5;34;8;2;14;18;5;12;71;19;14;4;NA;0;1;1;0;0;0;1;NA
28204;;Mateiros;8;16;11;11;10;13;229;6;4;39;9;2;14;19;7;13;67;21;15;5;NA;0;1;1;2;0;0;1;0
28272;;Mateiros;8;15;11;12;10;13;235;7;4;42;9;3;14;20;6;12;66;20;15;5;NA;1;1;1;2;0;0;1;0
28268;;Mateiros;7;16;11;12;10;15;231;7;4;37;9;3;14;20;4;12;NA;19;15;7;NA;1;1;1;0;0;0;1;0
28213;;Mateiros;8;13;12;12;10;15;237;NA;4;39;10;3;14;18;5;11;66;18;15;5;NA;0;1;1;2;0;0;1;0
28302;;Mateiros;8;15;10;12;10;14;218;NA;NA;36;10;3;14;18;6;11;66;19;15;5;NA;1;1;1;0;0;0;0;0
28274;;Mateiros;7;16;12;12;10;15;229;7;4;34;11;2;14;18;5;12;67;19;15;6;NA;1;1;0;2;0;0;0;0
28245;;Mateiros;7;13;11;12;10;12;235;NA;NA;38;10;3;14;19;3;13;74;18;16;NA;NA;0;1;1;0;0;0;0;NA
28210;;Mateiros;7;15;12;11;9;15;229;NA;NA;36;11;2;14;20;6;12;70;21;14;NA;NA;1;1;0;0;0;0;0;NA
28224;;Mateiros;8;15;11;11;10;13;221;NA;NA;36;11;3;14;18;4;12;68;20;15;4;NA;0;1;1;2;0;0;1;NA
28255;;Mateiros;7;15;11;12;10;15;203;NA;NA;38;11;3;14;19;2;12;65;21;15;NA;NA;1;1;1;2;0;0;1;NA
28286;;Mateiros;8;13;12;11;10;13;201;6;4;35;9;4;14;18;7;11;69;20;16;5;NA;1;1;1;0;0;0;1;0
28266;;Mateiros;8;16;13;12;11;15;208;NA;NA;34;11;3;14;17;5;12;64;18;14;5;NA;1;1;1;0;0;0;0;NA
28254;;Mateiros;8;15;12;12;10;15;203;8;4;NA;8;2;14;20;5;12;65;21;15;5;NA;1;1;0;0;0;0;1;0
28256;;Mateiros;8;15;10;12;9;12;202;NA;NA;36;9;2;14;18;5;12;62;20;15;NA;NA;1;1;0;2;0;0;1;NA
28269;;Mateiros;7;15;11;12;10;13;219;NA;NA;36;9;2;14;20;6;12;66;20;15;NA;NA;1;1;1;0;0;0;1;NA
28270;;Mateiros;8;15;11;13;10;15;228;6;3;41;9;2;14;18;4;12;71;19;16;5;NA;1;1;1;2;0;0;0;0
28264;;Mateiros;7;14;11;10;8;15;216;NA;4;38;8;2;14;18;4;11;59;19;15;6;NA;0;1;0;2;0;0;1;NA
28265;;Mateiros;7;14;11;12;10;12;212;5;3;37;8;2;14;18;3;11;64;18;14;5;NA;1;1;0;0;0;0;1;0
28292;;Mateiros;8;15;11;12;10;14;252;NA;NA;41;12;4;14;20;5;12;76;19;14;NA;NA;1;1;1;0;0;0;0;NA
28226;;Mateiros;8;16;12;12;10;15;261;6;4;38;8;2;14;20;5;11;72;19;14;6;NA;0;1;0;2;0;0;1;0
28208;;Mateiros;8;15;10;10;10;13;244;6;4;41;9;2;14;18;5;11;67;20;14;6;NA;0;1;1;0;0;0;1;0
28234;;Mateiros;7;15;12;12;10;13;244;NA;NA;40;10;2;14;18;3;12;69;19;15;6;NA;1;1;1;2;0;0;0;NA
28309;;Mateiros;7;14;11;12;10;14;230;7;3;43;12;4;14;18;3;11;74;19;14;7;NA;0;1;1;2;0;0;0;0
28310;;Mateiros;8;14;11;10;8;15;216;8;4;32;8;4;14;20;7;11;65;20;13;5;NA;1;1;0;2;0;0;0;0
28308;;Mateiros;8;16;11;12;10;15;227;6;3;36;12;5;14;19;4;11;71;20;14;7;NA;0;1;1;2;0;0;0;0
28303;;Mateiros;8;16;12;13;10;14;202;NA;3;38;10;4;14;18;5;11;67;18;14;6;NA;1;1;1;2;0;0;0;0
28206;;Mateiros;8;13;10;10;9;12;230;NA;4;39;11;2;14;17;5;11;67;19;14;6;NA;1;1;1;0;0;2;1;0
28225;;Mateiros;7;15;13;12;10;13;222;NA;NA;41;8;2;14;20;5;12;64;18;14;5;NA;0;1;1;2;0;0;0;NA
28248;;Mateiros;8;15;10;11;9;14;227;NA;NA;40;10;2;14;18;4;12;68;20;13;6;NA;1;1;1;0;0;0;1;NA
28262;;Mateiros;8;16;11;12;10;14;206;8;4;43;9;2;14;18;4;11;69;19;15;6;NA;0;1;1;0;0;0;1;NA
28238;;Mateiros;9;15;11;12;10;13;215;7;4;38;11;3;14;18;4;12;NA;18;14;6;NA;1;1;1;2;0;0;1;0
28273;;Mateiros;7;16;12;12;10;13;212;6;4;39;6;2;14;18;4;11;64;18;15;5;NA;1;1;1;0;0;0;1;0
28240;;Mateiros;7;16;10;11;10;13;197;NA;4;35;11;2;14;18;2;11;62;19;15;6;NA;1;1;1;2;0;0;1;0
28228;;Mateiros;7;16;12;13;11;13;210;5;3;39;12;3;14;18;5;11;67;19;15;5;NA;1;1;1;0;0;0;0;0
28261;;Mateiros;7;14;10;12;10;14;240;7;4;40;10;2;14;19;4;12;72;20;15;6;NA;1;1;1;0;0;0;1;0
28236;;Mateiros;8;15;11;12;10;13;220;7;4;38;11;2;14;20;5;10;67;18;15;7;NA;0;1;1;2;0;0;0;0
28305;;Mateiros;8;16;10;11;9;14;203;6;3;NA;10;4;14;NA;4;12;73;18;15;NA;NA;0;1;1;0;0;0;0;0
28239;;Mateiros;7;16;11;12;10;14;226;6;4;41;11;3;14;18;3;10;74;18;15;6;NA;1;1;1;0;0;0;0;0
28252;;Mateiros;7;15;11;12;10;13;212;NA;4;35;9;2;14;20;4;11;64;18;14;5;NA;1;1;1;2;0;0;1;0
28293;;Mateiros;7;14;12;11;10;14;200;NA;4;34;10;2;14;19;5;10;68;20;13;6;NA;0;1;1;2;0;0;1;NA
28291;;Mateiros;8;14;12;12;10;14;240;NA;4;40;11;3;15;20;5;11;68;20;14;6;NA;0;1;0;0;0;0;0;NA
28263;;Mateiros;7;15;10;12;10;13;216;NA;NA;34;10;2;14;18;5;12;78;20;16;5;NA;1;1;0;2;0;0;1;NA
28271;;Mateiros;7;15;11;11;10;14;215;NA;NA;38;11;2;14;20;3;11;74;19;15;NA;NA;1;1;1;0;0;0;1;NA
28304;;Mateiros;8;15;12;12;10;14;NA;NA;NA;NA;NA;3;14;18;4;12;73;18;15;NA;NA;0;1;1;2;0;0;0;NA
28307;;Mateiros;NA;14;12;11;10;13;NA;NA;NA;NA;9;3;14;20;5;10;74;20;15;6;14;NA;NA;NA;0;0;0;0;0
28289;;Mateiros;8;16;11;10;10;14;231;NA;4;41;10;2;14;20;6;12;71;19;14;5;NA;0;1;0;0;0;0;1;NA
40976;;Mateiros;8;11;12;12;10;15;NA;6;4;NA;10;2;14;18;5;11;66;19;15;6;NA;1;2;1;0;0;0;1;0
41014;;Mateiros;8;13;12;10;10;16;227;NA;NA;29;10;2;14;21;3;13;64;20;14;7;NA;1;1;1;0;0;0;1;NA
41020;;Mateiros;8;13;11;12;10;14;233;NA;NA;40;10;4;14;19;5;11;65;18;15;NA;NA;0;1;1;0;0;0;0;NA
40969;;Mateiros;7;13;11;11;10;14;210;NA;NA;35;6;2;14;20;6;11;66;18;15;NA;NA;NA;NA;NA;2;0;0;2;NA
41088;;Mateiros;7;15;12;12;10;15;231;NA;NA;37;10;2;14;19;7;12;61;19;15;6;NA;0;1;1;0;0;0;2;NA
41079;;Mateiros;7;15;12;12;10;13;221;NA;4;32;8;2;14;19;3;13;65;19;15;6;NA;0;1;1;0;0;0;1;0
41082;;Mateiros;8;15;11;10;10;15;NA;NA;NA;NA;NA;2;14;19;6;12;66;19;15;5;NA;1;1;1;0;0;0;0;0
41006;;Mateiros;7;14;9;10;10;14;198;NA;NA;37;8;2;14;17;6;12;64;20;16;6;NA;1;1;1;0;0;0;2;0
41068;;Mateiros;7;14;10;12;10;15;216;NA;NA;40;7;2;14;19;8;12;66;20;NA;6;NA;0;1;1;0;0;0;2;NA
40980;;Mateiros;7;14;12;12;11;15;206;NA;NA;33;7;2;14;18;5;11;67;18;14;7;NA;1;1;1;2;0;0;2;NA
41002;;Mateiros;8;16;11;10;10;15;224;NA;NA;37;9;2;14;20;6;12;69;18;15;NA;NA;0;2;0;0;0;0;1;NA
41049;;Mateiros;8;15;11;11;10;14;218;6;4;32;10;3;14;18;5;12;61;20;15;6;15;0;2;1;0;0;0;1;0
40973;;Mateiros;7;12;10;12;10;14;206;6;4;NA;9;2;14;19;4;13;65;19;13;5;NA;0;1;1;0;0;0;1;0
41021;;Mateiros;8;14;12;12;10;15;208;NA;NA;34;9;2;14;18;6;13;60;18;15;NA;NA;1;1;0;0;0;0;1;NA
41080;;Mateiros;8;13;11;10;9;14;199;NA;NA;34;11;3;14;18;5;13;57;19;15;NA;NA;0;1;1;0;0;0;0;NA
40979;;Mateiros;7;15;12;10;9;13;226;NA;4;37;10;3;14;18;5;12;64;18;13;5;NA;0;1;1;2;0;0;0;0
41060;;Mateiros;8;13;8;10;8;12;193;NA;4;40;8;3;14;18;5;12;61;19;16;6;NA;0;1;1;0;0;0;1;0
40968;;Mateiros;8;15;12;10;10;15;215;NA;4;35;9;2;13;19;6;12;62;18;14;6;NA;0;1;1;0;0;0;1;0
41071;;Mateiros;8;15;11;12;10;15;198;8;4;35;13;4;14;20;4;14;62;19;15;4;NA;0;2;1;2;0;0;0;0
41069;;Mateiros;7;15;11;11;10;14;216;6;4;36;13;4;14;15;5;13;62;20;15;5;NA;0;1;1;0;0;0;0;0
41038;;Mateiros;7;13;10;12;10;14;221;NA;NA;36;8;2;15;18;6;12;70;20;16;6;NA;0;1;0;0;0;0;1;NA
40989;;Mateiros;8;14;12;10;10;16;243;NA;NA;36;12;2;14;18;7;11;62;18;16;NA;NA;1;1;1;0;0;0;1;NA
40985;;Mateiros;8;13;10;12;10;14;235;7;4;31;10;3;13;19;7;12;69;20;16;5;10;0;1;1;0;0;0;1;0
40965;;Mateiros;8;14;11;10;10;14;239;NA;NA;36;11;4;15;18;7;12;69;19;15;NA;NA;1;1;1;0;0;0;0;NA
41056;;Mateiros;8;15;12;10;10;15;222;7;4;39;12;4;14;19;5;12;79;20;15;6;NA;0;1;1;2;0;0;0;0
41077;;Mateiros;7;13;11;12;10;13;216;NA;4;35;11;4;13;19;5;12;68;19;15;6;NA;0;1;1;0;0;0;0;0
41013;;Mateiros;8;16;11;10;10;15;219;NA;NA;35;11;4;14;20;7;12;73;21;17;6;NA;0;1;0;0;0;0;0;0
41070;;Mateiros;7;14;11;10;10;15;218;NA;4;NA;11;4;15;19;5;12;68;20;15;6;NA;0;1;0;0;0;0;0;0
41086;;Mateiros;8;14;10;10;10;14;NA;6;4;NA;11;4;14;20;5;11;NA;19;15;6;15;0;1;1;0;0;0;0;0
40992;;Mateiros;8;15;13;12;10;15;226;7;NA;39;11;4;14;19;7;13;71;21;15;5;NA;0;1;1;0;0;0;0;0
41064;;Mateiros;7;13;11;12;10;15;NA;6;3;NA;NA;3;14;18;4;13;NA;19;16;7;NA;1;1;1;2;0;0;0;0
41068;;Mateiros;8;15;10;12;10;14;215;NA;NA;33;10;3;14;18;5;12;64;18;15;NA;NA;0;1;1;2;0;0;1;NA
40974;;Mateiros;8;16;12;10;10;15;219;NA;4;36;12;4;14;19;4;12;68;20;15;6;NA;1;1;1;0;0;0;0;0
41061;;Mateiros;7;15;11;10;10;13;204;7;4;36;10;3;13;19;4;12;64;19;15;5;NA;1;1;1;0;0;0;0;0
41045;;Mateiros;8;14;11;12;8;16;220;NA;NA;32;11;3;14;18;6;12;62;18;15;6;NA;1;1;1;0;0;0;1;NA
41027;;Mateiros;7;15;12;11;9;13;209;NA;NA;35;8;3;14;19;5;13;68;18;16;NA;NA;1;1;1;0;0;0;1;NA
41075;;Mateiros;7;14;10;10;10;15;205;6;4;34;10;3;14;18;6;12;62;18;16;6;NA;0;1;1;0;0;0;1;0
41073;;Mateiros;7;15;12;10;10;15;213;6;4;35;11;4;14;18;6;11;60;19;16;6;NA;1;1;1;2;0;0;0;0
41046;;Mateiros;7;14;10;12;10;15;210;NA;4;36;8;2;14;18;6;12;60;19;17;5;NA;1;1;0;0;0;0;0;0
41035;;Mateiros;8;13;12;12;10;14;220;6;4;35;9;2;14;17;5;12;59;18;15;5;NA;0;1;1;2;0;0;1;0
41089;;Mateiros;8;16;13;12;10;15;213;NA;NA;36;9;2;14;18;5;13;NA;21;15;NA;NA;1;1;1;0;0;0;0;NA
41087;;Mateiros;7;15;11;10;10;14;215;NA;NA;37;11;3;14;18;6;11;61;21;15;NA;NA;1;1;1;0;0;0;0;NA
41005;;Mateiros;8;12;10;12;10;15;215;NA;NA;36;11;2;14;18;4;11;55;18;15;NA;NA;1;1;1;0;0;0;0;NA
41031;;Mateiros;8;15;12;12;11;15;206;NA;NA;34;7;2;14;18;5;12;66;18;16;NA;NA;0;1;0;0;0;0;1;NA
40986;;Mateiros;8;15;10;11;10;15;207;NA;NA;35;8;2;13;20;3;13;62;19;15;NA;NA;1;1;1;0;0;0;1;NA
41067;;Mateiros;8;16;12;13;10;16;231;NA;NA;35;9;2;14;19;6;13;72;21;18;NA;NA;1;2;1;0;0;0;1;NA
41033;;Mateiros;8;15;10;12;10;16;231;NA;4;36;10;3;14;19;4;13;78;18;16;7;NA;0;1;1;0;0;0;0;0
41050;;Mateiros;8;14;11;12;10;15;253;6;4;41;9;2;14;19;5;12;67;20;16;8;NA;0;1;1;0;0;0;0;0
40978;;Mateiros;7;16;10;12;11;15;NA;NA;NA;NA;NA;NA;NA;NA;3;11;NA;18;16;7;NA;0;1;1;0;0;0;2;0
41004;;Mateiros;7;16;12;11;10;15;NA;NA;4;37;9;2;14;18;7;11;NA;20;15;7;NA;0;1;1;0;0;0;1;NA
41051;;Mateiros;7;14;11;12;10;15;226;6;5;42;10;4;14;21;5;11;67;18;15;7;NA;0;2;0;0;0;0;0;0
40988;;Mateiros;7;16;11;12;10;14;241;7;5;33;10;4;14;21;6;13;66;19;17;7;NA;0;1;1;0;0;0;0;0
41042;;Mateiros;7;14;12;12;10;15;232;6;4;38;10;4;13;18;4;12;64;19;15;5;15;0;1;1;2;0;0;0;0
41011;;Mateiros;8;16;12;12;10;15;218;5;4;36;9;3;14;19;4;11;66;19;15;7;NA;0;1;0;0;0;0;0;0
41062;;Mateiros;8;15;11;12;10;15;NA;NA;NA;NA;NA;3;14;21;5;12;68;19;15;NA;NA;0;1;0;0;0;0;0;NA
41030;;Mateiros;7;15;12;12;10;15;226;7;4;38;11;3;14;18;6;12;68;18;16;6;NA;0;1;1;0;0;0;0;0
41055;;Mateiros;8;15;10;10;10;14;239;NA;4;38;11;4;14;18;7;13;65;20;16;6;NA;1;1;1;0;0;0;0;0
41039;;Mateiros;7;15;12;12;9;14;NA;NA;NA;37;8;2;14;18;5;12;65;21;16;NA;NA;1;1;1;0;0;0;1;NA
41000;;Mateiros;8;14;11;12;10;13210;NA;NA;NA;36;7;2;14;19;3;12;63;19;16;NA;NA;1;1;1;0;0;0;1;NA
41081;;Mateiros;8;14;11;12;10;15;208;NA;NA;NA;9;3;14;20;5;12;65;20;16;NA;NA;0;2;0;0;0;0;0;NA
41037;;Mateiros;7;15;11;10;9;15;NA;NA;NA;NA;11;2;14;21;5;12;76;19;16;NA;NA;1;1;1;0;0;0;1;NA
41028;;Mateiros;7;14;11;10;9;15;218;NA;NA;32;11;4;14;19;6;13;69;20;16;6;NA;0;1;0;2;0;0;0;NA
41076;;Mateiros;8;15;11;12;10;15;NA;NA;NA;NA;NA;NA;NA;20;3;12;68;19;15;6;NA;1;1;1;2;0;0;0;NA
41091;;Mateiros;7;13;10;10;10;14;NA;NA;NA;NA;NA;3;14;19;3;12;64;20;16;NA;NA;0;1;1;0;0;0;0;NA
40964;;Mateiros;7;14;10;10;9;14;203;NA;NA;38;9;4;14;18;5;14;62;18;16;7;NA;1;1;1;2;0;0;0;0
40984;;Mateiros;6;14;11;12;10;14;218;7;3;38;9;3;14;18;5;11;63;19;15;5;NA;0;1;0;0;0;0;1;0
40998;;Mateiros;7;12;10;12;10;15;195;NA;NA;40;10;2;14;17;4;12;64;20;15;NA;NA;0;1;0;0;0;0;1;NA
14150;;Mateiros;8;14;12;11;10;13;220;NA;NA;35;11;4;14;19;4;13;69;19;17;5;NA;0;1;1;0;0;0;0;0
14148;;Mateiros;8;16;11;12;11;13;229;NA;NA;37;10;3;14;20;6;11;65;20;16;NA;NA;0;1;0;2;0;0;1;NA
14149;;Mateiros;8;16;11;11;10;15;233;NA;NA;39;13;3;13;19;7;13;75;20;15;NA;NA;1;1;1;0;0;0;0;NA
38911;;PortoAlegreTocantins;7;15;9;12;10;15;224;NA;4;41;12;3;14;21;4;12;70;17;13;NA;NA;1;1;0;0;0;0;NA;NA
38912;;PortoAlegreTocantins;8;17;12;12;10;13;209;NA;3;43;10;3;14;20;7;11;69;18;16;5;NA;0;1;1;0;0;0;1;0
38913;;PortoAlegreTocantins;6;15;11;11;8;12;183;NA;NA;42;9;2;14;18;5;11;69;19;14;NA;NA;0;1;1;0;0;0;1;NA
50829;;PedroAfonso;7;15;10;12;10;15;241;NA;NA;36;11;2;14;22;5;12;78;19;14;NA;NA;1;1;1;0;0;1;1;NA
50830;;PedroAfonso;9;16;11;10;10;13;214;NA;NA;33;10;2;14;17;4;12;73;21;15;NA;NA;1;1;0;0;0;0;1;NA
52612;;Peixe;7;15;10;11;10;15;233;5;4;45;11;3;14;17;7;11;63;21;12;6;NA;0;1;0;0;0;0;1;0
52610;;Peixe;7;16;9;12;10;14;237;NA;4;45;10;2;14;NA;7;11;70;20;14;7;NA;1;1;1;0;0;0;1;0
52609;;Peixe;7;15;10;12;10;12;201;NA;NA;38;10;3;14;17;6;11;68;22;16;5;NA;0;1;1;2;0;0;0;0
52608;;Peixe;7;15;11;11;10;13;235;NA;NA;44;10;2;14;18;5;11;71;19;16;NA;NA;0;1;1;2;0;0;1;NA
52607;;Peixe;8;14;13;10;8;16;215;NA;NA;38;9;2;12;18;6;13;74;19;15;NA;NA;1;1;1;0;0;0;1;NA
33562;;Dianopolis;7;17;11;11;9;13;198;7;3;42;8;3;14;16;5;13;57;20;15;5;12;1;1;0;0;0;0;1;0
21817;;TeresinadeGoias;8;15;11;12;12;15;214;6;4;39;7;2;14;20;6;12;65;21;16;7;NA;0;1;1;0;0;0;2;0
21816;;TeresinadeGoias;8;15;10;11;10;13;231;NA;4;38;10;2;14;22;8;12;71;22;14;5;NA;1;2;0;0;0;0;1;0
44708;;ColinasdoSul;8;15;10;12;10;13;227;4;3;33;10;2;13;21;6;12;77;21;16;6;NA;0;1;0;0;0;0;1;0
50402;;ColinasdoSul;9;15;8;12;10;13;213;4;3;31;9;4;14;19;5;11;69;19;15;6;NA;1;1;1;0;0;0;1;0
44698;;ColinasdoSul;8;15;10;12;10;14;196;4;3;30;10;3;13;20;6;12;58;18;17;5;NA;0;1;1;0;0;0;0;0
44704;;ColinasdoSul;7;16;11;12;10;14;229;3;3;34;10;2;13;17;4;12;61;21;15;6;10;0;1;NA;0;0;0;0;0
48337;;ColinasdoSul;7;17;8;12;10;13;215;NA;4;32;9;4;14;19;6;12;63;20;17;5;NA;0;1;1;0;0;0;0;0
36309;;Cocalzinho;8;15;11;11;10;13;198;4;3;37;10;3;13;20;7;12;75;19;14;6;14;1;2;0;2;0;0;0;0
38646;;Cocalzinho;7;19;11;12;10;15;245;5;4;36;10;4;13;20;3;12;71;22;16;6;12;0;2;0;0;0;0;0;0
38645;;Cocalzinho;8;16;13;12;10;13;219;NA;NA;36;11;3;14;NA;5;12;70;19;17;NA;NA;1;2;0;0;0;0;0;NA
52007;;Carolina;7;15;10;10;10;13;230;NA;4;42;11;3;14;16;5;11;66;21;15;5;NA;1;1;1;2;0;0;1;0
52008;;Carolina;9;15;11;10;10;13;206;NA;NA;NA;8;4;14;NA;5;11;NA;NA;16;NA;NA;1;1;1;2;0;0;0;NA
52006;;Carolina;9;19;13;12;10;14;238;5;3;38;13;3;14;16;5;12;66;19;16;5;NA;1;1;1;2;0;0;0;0
47754;;PortoNacional;7;18;12;12;10;12;209;6;4;37;9;2;19;19;11;14;62;21;16;11;NA;1;2;0;2;0;0;1;0
864;;Mineiros;8;14;11;12;10;13;206;4;3;38;10;3;14;19;3;12;NA;NA;NA;NA;13;1;2;0;0;0;0;0;0
37296;;BomJesusTocantins;8;16;10;11;10;14;205;NA;4;34;15;3;14;20;4;12;69;19;14;5;NA;0;1;1;2;0;0;0;0
866;;Coribe;7;16;8;12;10;13;194;NA;4;27;9;2;13;20;3;13;68;20;17;6;NA;0;2;0;0;0;0;0;0
50831;;Guarai;7;17;11;12;10;13;230;NA;NA;39;8;2;15;20;3;12;74;20;14;NA;NA;1;1;0;2;0;0;2;NA
95885;;UHELuis;7;16;14;12;10;14;186;NA;NA;35;10;2;14;18;6;11;70;19;14;NA;NA;1;1;0;0;0;0;1;NA
95891;;UHELuis;7;15;11;12;10;14;176;NA;NA;39;10;4;14;20;8;12;61;21;14;NA;NA;1;1;1;0;0;0;0;NA
95887;;UHELuis;8;16;11;12;10;13;181;NA;3;41;9;3;14;20;7;11;63;20;13;5;NA;1;1;1;0;0;0;0;NA
95892;;UHELuis;8;15;10;14;11;15;182;NA;NA;43;11;4;14;19;6;12;71;19;15;NA;NA;1;2;0;2;0;0;1;NA
95886;;UHELuis;7;15;12;12;10;14;190;NA;NA;39;8;4;13;17;4;13;72;20;14;5;NA;1;1;0;2;0;0;1;0
95883;;UHELuis;7;14;11;12;10;15;166;NA;NA;42;11;5;14;19;6;11;61;21;13;NA;NA;1;2;0;0;0;0;1;NA
95880;;UHELuis;8;14;10;9;8;14;166;NA;NA;38;8;5;14;19;6;11;54;20;15;NA;NA;1;1;1;2;0;0;1;NA
95890;;UHELuis;7;15;10;6;10;15;192;NA;NA;41;12;7;14;20;6;12;65;22;14;NA;NA;1;1;1;2;0;0;0;0
95881;;UHELuis;7;15;11;12;9;14;182;NA;NA;36;10;4;14;19;5;12;70;19;13;NA;NA;1;1;1;2;0;0;1;NA
95877;;UHELuis;9;17;11;13;10;16;176;NA;NA;35;10;4;14;21;6;12;73;19;13;7;NA;1;1;1;2;0;0;0;0
95879;;UHELuis;7;14;10;10;10;13;157;NA;NA;39;11;4;14;NA;6;11;67;19;15;NA;NA;0;1;0;0;0;0;1;NA
95889;;UHELuis;8;16;10;12;10;14;152;NA;4;36;12;4;13;19;6;11;56;19;6;NA;0;1;1;2;0;0;0;0;NA
95876;;UHELuis;7;15;11;13;8;14;170;NA;4;34;12;4;14;29;7;12;68;19;15;7;NA;1;1;1;2;0;0;0;0
95878;;UHELuis;7;14;11;11;11;15;NA;NA;NA;NA;NA;NA;14;17;6;12;NA;NA;15;NA;NA;1;1;1;0;0;0;0;NA
95888;;UHELuis;7;15;11;11;10;14;153;NA;NA;32;10;4;14;19;6;12;56;17;15;5;NA;1;1;0;2;0;0;0;0
95884;;UHELuis;8;15;11;13;10;14;163;NA;NA;34;NA;4;14;18;7;12;67;20;16;NA;NA;1;1;1;0;0;0;1;NA
95882;;UHELuis;8;15;10;12;10;15;173;NA;NA;37;8;4;13;19;5;13;70;21;16;NA;NA;1;1;1;2;0;0;1;NA
96129;;UHELuis;7;15;9;12;8;14;181;NA;NA;44;11;4;14;19;10;12;62;19;14;NA;NA;1;1;1;2;0;0;1;NA
96140;;UHELuis;9;16;10;12;8;15;179;NA;3;29;10;3;14;NA;6;12;NA;21;14;5;NA;0;1;0;2;0;0;0;0
96139;;UHELuis;7;15;10;12;9;13;153;NA;NA;40;9;4;14;20;7;14;65;20;15;5;NA;1;1;1;0;0;0;1;0
96131;;UHELuis;8;15;13;12;10;NA;171;NA;NA;42;12;4;14;20;4;12;64;19;14;NA;NA;1;1;1;0;0;0;0;NA
96133;;UHELuis;7;15;11;12;10;NA;164;NA;NA;41;11;5;14;20;5;12;63;21;14;NA;NA;1;1;0;2;0;0;0;NA
96134;;UHELuis;8;15;10;12;10;14;143;NA;4;40;9;4;15;19;8;12;66;19;15;6;NA;1;1;1;0;0;0;0;0
96128;;UHELuis;8;16;10;12;10;14;167;NA;NA;39;10;5;14;19;8;15;61;18;16;6;NA;1;1;1;0;0;0;0;NA
96130;;UHELuis;8;16;11;12;10;14;166;NA;NA;40;10;3;12;19;9;14;68;19;15;NA;NA;1;2;0;0;0;0;0;NA
86127;;UHELuis;7;17;11;12;10;15;157;NA;4;40;10;4;14;19;7;11;63;19;16;5;NA;1;1;1;0;0;0;0;0
96141;;UHELuis;7;15;11;12;10;14;153;5;3;36;8;3;14;18;7;11;54;21;13;4;NA;1;1;0;0;0;0;2;0
96138;;UHELuis;7;16;9;12;10;14;148;NA;NA;33;9;4;14;19;6;11;NA;19;16;NA;NA;1;2;0;2;0;0;0;NA
96136;;UHELuis;8;17;12;12;10;12;156;6;3;38;9;4;14;20;7;11;62;18;13;4;13;1;2;0;0;0;0;0;0
96132;;UHELuis;6;15;11;12;10;14;170;6;4;38;6;2;14;19;4;12;59;19;15;5;14;0;1;1;0;0;0;1;0
96135;;UHELuis;9;18;11;13;10;15;164;NA;NA;37;9;4;14;19;8;11;69;20;15;NA;NA;1;1;0;0;0;0;0;NA
96137;;UHELuis;9;16;10;13;10;12;138;6;4;30;9;4;13;21;6;11;70;19;14;7;NA;1;1;1;0;0;0;0;0
96126;;UHELuis;8;16;11;13;10;14;181;NA;NA;38;10;4;14;18;7;11;58;19;14;NA;NA;1;2;0;2;0;0;0;NA
96124;;UHELuis;8;16;11;12;10;14;170;NA;NA;41;9;4;14;19;7;12;63;18;14;NA;NA;1;1;0;0;0;0;0;NA
96114;;UHELuis;8;13;19;12;10;15;183;7;4;38;10;5;14;NA;8;11;NA;20;14;4;NA;1;1;1;0;0;0;0;0
96117;;UHELuis;8;16;10;12;10;14;170;6;4;42;9;4;14;NA;4;11;NA;21;14;4;NA;1;1;1;0;0;0;0;0
96115;;UHELuis;7;17;8;12;10;15;173;NA;NA;39;10;5;14;NA;7;14;NA;21;16;NA;NA;0;1;1;0;0;0;0;NA
96121;;UHELuis;7;16;9;10;8;14;146;6;3;36;8;3;14;NA;5;12;64;19;14;6;11;1;2;1;2;0;0;0;0
96118;;UHELuis;7;16;12;13;11;13;169;8;4;36;12;5;14;19;3;11;55;20;13;4;NA;1;1;1;0;0;0;0;0
96125;;UHELuis;9;17;11;12;10;14;159;NA;NA;39;10;4;14;23;6;10;65;19;15;NA;NA;1;1;0;2;0;0;1;NA
96116;;UHELuis;8;17;12;13;10;15;157;NA;NA;36;11;5;13;NA;7;12;NA;NA;15;NA;NA;1;2;0;0;0;0;0;0
96123;;UHELuis;8;16;14;11;10;15;158;NA;NA;44;9;3;14;20;6;13;66;21;15;NA;NA;1;1;1;2;0;0;0;NA
96122;;UHELuis;7;17;12;12;10;15;174;7;4;41;11;4;14;NA;9;12;70;23;15;7;17;1;1;1;0;0;0;0;0
96142;;UHELuis;8;17;13;11;10;NA;NA;NA;NA;NA;NA;4;14;NA;6;11;NA;21;14;NA;NA;1;1;1;NA;NA;0;0;NA
96119;;UHELuis;7;16;10;12;10;15;152;NA;NA;41;11;4;14;19;6;11;63;22;15;NA;NA;0;1;1;2;0;0;0;NA
96120;;UHELuis;8;16;12;12;10;15;163;NA;NA;38;10;4;14;NA;4;12;58;20;15;NA;NA;1;1;0;0;0;0;0;NA
89822;;UHELuis;7;16;11;10;8;13;180;NA;NA;38;11;4;14;17;7;12;59;19;15;6;NA;1;1;1;0;0;0;0;NA
89816;;UHELuis;8;19;10;12;10;13;195;NA;NA;42;10;3;14;21;10;13;59;20;16;NA;NA;0;1;1;2;0;0;0;NA
89815;;UHELuis;7;19;12;12;10;13;167;5;4;41;12;4;13;18;7;12;61;19;16;7;12;1;1;1;2;0;0;0;0
89820;;UHELuis;8;18;11;12;10;14;158;NA;NA;46;8;4;16;21;9;13;64;21;15;NA;NA;1;1;0;0;0;0;1;NA
89821;;UHELuis;7;16;12;13;10;13;169;NA;NA;39;10;4;14;17;7;13;55;19;15;NA;NA;1;1;1;2;0;0;1;NA
89817;;UHELuis;8;17;12;12;10;13;166;NA;NA;36;9;5;15;18;9;12;62;19;13;NA;NA;1;1;0;0;0;0;0;0
89819;;UHELuis;8;16;12;12;9;13;151;7;4;43;13;4;14;17;6;13;59;21;15;6;16;1;2;1;0;0;0;1;0
89818;;UHELuis;7;17;10;11;10;14;166;NA;5;36;11;4;14;18;6;11;54;18;15;7;NA;1;1;1;2;0;0;0;0
95872;;UHELuis;7;17;10;12;10;14;170;NA;NA;39;12;5;14;20;9;13;69;19;15;NA;NA;1;1;0;0;0;0;0;NA
95871;;UHELuis;7;17;11;11;10;15;176;NA;NA;40;11;NA;14;18;4;14;57;21;18;NA;NA;0;1;1;2;0;0;0;NA
95873;;UHELuis;7;18;10;12;10;14;161;NA;NA;41;10;4;14;NA;6;13;73;21;15;NA;NA;1;1;0;2;0;0;1;NA
95875;;UHELuis;7;16;9;10;8;14;166;NA;NA;41;10;5;14;18;9;13;71;18;16;NA;NA;1;1;0;2;0;0;0;NA
95870;;UHELuis;7;14;9;13;9;13;171;NA;NA;36;11;4;15;19;8;14;65;20;15;6;NA;1;2;0;0;0;0;0;0
95874;;UHELuis;7;15;12;10;10;13;196;NA;NA;41;8;5;14;18;7;13;55;21;14;NA;NA;0;1;1;2;0;0;1;NA
96435;;UHELuis;7;16;11;12;10;13;156;NA;NA;41;10;5;13;NA;6;14;51;19;17;6;NA;0;1;1;0;0;0;1;0
96431;;UHELuis;8;15;11;12;10;12;166;NA;4;44;10;3;14;18;7;12;51;21;15;6;NA;1;1;1;0;0;0;1;0
96433;;UHELuis;7;16;9;11;10;14;159;NA;NA;41;12;4;14;20;9;12;65;20;16;7;NA;1;1;1;2;0;0;1;0
96434;;UHELuis;8;16;10;12;10;14;164;NA;NA;46;13;4;16;20;7;13;65;21;14;NA;NA;1;1;1;2;0;0;0;NA
96432;;UHELuis;7;14;8;10;10;13;161;NA;NA;38;11;3;14;20;6;11;56;18;14;4;NA;1;1;1;2;0;0;1;NA
89907;;UHELuis;7;17;13;12;10;13;NA;7;4;NA;NA;NA;NA;19;6;12;63;21;16;4;NA;1;1;1;2;0;0;0;0
89398;;UHELuis;8;16;11;12;10;14;151;5;7;43;10;3;14;20;7;12;68;18;15;7;NA;1;1;1;0;0;0;1;0
89238;;SaoSalvadorTocantins;7;16;12;12;10;15;194;6;4;45;10;4;14;21;5;12;64;22;15;4;13;0;2;1;0;0;0;1;0
89236;;SaoSalvadorTocantins;7;13;12;12;10;15;203;6;4;46;8;2;14;20;8;11;65;22;15;5;NA;0;1;1;0;0;0;1;0
89246;;SaoSalvadorTocantins;7;16;10;13;10;16;206;7;4;43;11;5;14;19;9;12;66;23;15;5;NA;1;1;1;0;0;0;0;0
89240;;SaoSalvadorTocantins;6;15;11;11;10;15;185;6;4;33;9;4;14;19;7;12;64;21;16;6;12;1;1;1;0;0;0;0;0
89243;;SaoSalvadorTocantins;7;16;12;10;10;16;187;NA;NA;40;7;4;14;18;6;12;63;22;14;NA;NA;0;1;0;0;0;0;0;NA
89244;;SaoSalvadorTocantins;7;16;11;12;10;16;186;7;5;43;11;4;14;18;8;12;67;21;16;4;NA;0;1;1;0;0;0;1;0
89228;;SaoSalvadorTocantins;7;15;9;11;9;16;176;NA;NA;41;8;4;14;18;8;11;68;21;15;NA;NA;0;1;1;2;0;0;1;NA
89239;;SaoSalvadorTocantins;8;16;12;11;9;17;168;NA;NA;35;8;5;15;18;11;12;67;20;15;NA;NA;0;1;1;2;0;0;1;NA
89241;;SaoSalvadorTocantins;7;15;11;11;9;16;191;7;4;39;10;4;14;20;10;13;58;21;16;9;12;0;1;1;0;0;0;0;0
89247;;SaoSalvadorTocantins;7;16;15;10;9;16;179;NA;NA;40;11;3;14;19;10;12;68;21;16;NA;NA;0;1;0;2;0;0;0;NA
89237;;SaoSalvadorTocantins;7;16;15;12;10;16;173;NA;5;38;8;4;14;19;8;12;68;22;14;5;NA;0;1;1;2;0;0;1;0
89248;;SaoSalvadorTocantins;7;15;11;10;10;15;181;7;4;37;9;4;14;19;9;11;59;21;14;5;NA;1;1;1;0;0;0;0;0
89235;;SaoSalvadorTocantins;7;16;13;10;8;15;194;7;4;45;9;3;14;17;8;12;61;22;15;5;NA;1;1;0;0;0;0;1;0
89234;;SaoSalvadorTocantins;7;16;12;12;10;16;195;7;4;41;7;4;14;21;8;11;59;21;15;7;NA;1;1;0;0;0;0;1;0
89227;;SaoSalvadorTocantins;7;15;10;11;10;16;171;NA;NA;42;8;4;14;20;9;12;63;22;14;NA;NA;1;1;0;0;0;0;1;NA
89232;;SaoSalvadorTocantins;7;15;10;12;10;15;175;NA;4;39;9;5;14;21;6;12;69;23;16;6;NA;0;2;1;0;0;0;1;0
89245;;SaoSalvadorTocantins;7;15;10;12;10;15;176;7;5;41;8;4;14;17;8;12;61;22;14;7;NA;1;1;0;0;0;0;1;0
89226;;SaoSalvadorTocantins;7;15;12;10;10;16;159;NA;4;39;11;4;14;19;6;11;65;21;16;6;NA;0;1;0;0;0;0;0;0
89233;;SaoSalvadorTocantins;7;15;12;12;10;16;185;7;4;39;10;5;14;20;8;13;67;23;15;6;NA;0;1;1;0;0;0;0;0
89229;;SaoSalvadorTocantins;7;15;10;11;10;15;178;NA;NA;40;10;4;14;20;11;12;64;21;13;NA;NA;1;1;0;0;0;0;1;NA
89231;;SaoSalvadorTocantins;7;15;12;10;8;16;187;NA;NA;40;9;4;15;19;7;11;64;21;15;NA;NA;1;1;0;0;0;0;0;NA
89224;;SaoSalvadorTocantins;8;13;12;10;8;16;176;NA;NA;42;9;4;14;20;9;13;63;21;15;7;NA;0;1;1;0;0;0;1;0
89230;;SaoSalvadorTocantins;7;14;11;12;10;16;180;NA;NA;43;9;4;14;21;6;11;70;21;15;6;NA;1;1;0;0;0;0;0;0
89225;;SaoSalvadorTocantins;7;16;11;12;11;15;182;NA;4;40;9;2;13;20;5;11;59;22;15;4;NA;1;1;0;0;0;0;0;0
89242;;SaoSalvadorTocantins;8;15;11;10;8;15;199;6;4;29;11;6;14;21;7;10;69;23;15;4;10;1;1;0;2;0;0;0;0
4020;;BarraRioSaoDomingos;7;17;12;14;10;14;166;8;4;38;8;3;15;22;5;13;62;19;17;7;18;1;2;0;2;0;0;0;0
4030;;BarraRioSaoDomingos;8;17;11;12;10;15;147;7;4;29;8;3;16;19;3;12;59;22;16;6;17;1;2;0;2;0;0;2;0
4021;;BarraRioSaoDomingos;8;16;12;13;10;15;162;NA;NA;37;7;4;14;21;6;13;67;21;16;NA;NA;0;1;1;2;0;0;1;NA
4007;;BarraRioSaoDomingos;8;15;12;14;11;15;187;NA;NA;36;8;2;14;21;3;14;66;23;16;NA;NA;1;1;1;0;0;0;1;NA
4033;;BarraRioSaoDomingos;7;14;10;12;10;NA;NA;NA;NA;NA;NA;NA;NA;20;7;14;87;20;17;NA;16;1;2;0;2;0;0;2;0
4026;;BarraRioSaoDomingos;8;18;12;12;12;14;176;NA;4;37;8;5;14;18;3;15;74;22;13;8;NA;0;2;0;2;1;0;0;0
4015;;BarraRioSaoDomingos;7;18;12;12;10;13;181;NA;NA;NA;NA;NA;NA;20;5;17;77;22;16;NA;NA;1;1;1;0;0;0;1;NA
4013;;BarraRioSaoDomingos;8;15;11;12;10;14;NA;NA;NA;NA;9;4;15;20;8;12;69;22;15;7;NA;0;1;1;0;0;0;0;0
4017;;BarraRioSaoDomingos;9;18;11;12;10;13;NA;7;4;34;9;3;14;21;2;14;68;21;15;6;NA;0;2;1;2;1;0;0;0
4019;;BarraRioSaoDomingos;8;18;12;14;10;13;178;NA;NA;36;9;2;14;19;4;14;67;21;16;NA;NA;0;2;0;0;0;0;0;NA
4032;;BarraRioSaoDomingos;8;16;11;12;10;16;188;NA;NA;35;11;3;13;21;7;13;74;22;17;NA;NA;1;1;1;0;0;0;0;NA
4008;;BarraRioSaoDomingos;8;17;10;12;10;15;201;NA;NA;42;7;3;14;19;7;14;66;23;12;NA;NA;1;1;1;2;0;0;1;NA
4006;;BarraRioSaoDomingos;8;18;10;12;10;13;NA;NA;NA;36;9;3;13;19;8;12;62;23;16;NA;NA;0;1;0;2;0;0;0;NA
4018;;BarraRioSaoDomingos;8;18;13;14;12;16;181;7;3;35;9;3;14;20;3;14;68;19;16;4;14;0;2;0;0;0;0;0;0
4031;;BarraRioSaoDomingos;7;16;11;12;11;13;163;NA;NA;36;8;3;16;18;4;13;58;21;16;NA;NA;0;1;1;2;0;0;0;NA
4025;;BarraRioSaoDomingos;8;15;11;13;10;13;152;7;3;34;8;4;13;21;8;14;66;20;16;6;NA;0;1;0;2;0;0;0;0
4016;;BarraRioSaoDomingos;8;15;11;12;10;14;159;NA;NA;35;7;2;14;18;3;14;69;16;16;NA;NA;0;2;0;0;1;0;0;NA
4029;;BarraRioSaoDomingos;8;16;12;12;10;14;NA;7;3;NA;NA;NA;NA;19;3;13;54;17;13;5;NA;0;1;1;2;0;0;0;0
4009;;BarraRioSaoDomingos;9;16;11;13;11;15;NA;NA;NA;NA;NA;4;14;21;3;12;62;21;16;NA;NA;0;1;1;0;0;0;0;NA
4010;;BarraRioSaoDomingos;7;18;11;14;12;13;162;NA;NA;33;9;5;15;19;4;14;56;22;16;NA;NA;1;1;1;0;0;0;0;NA
4014;;BarraRioSaoDomingos;8;16;12;12;11;14;166;NA;NA;36;9;4;12;21;7;12;64;21;15;NA;NA;0;1;0;2;0;0;0;NA
4022;;BarraRioSaoDomingos;8;16;12;13;10;15;154;NA;4;37;8;2;12;21;6;13;69;20;16;6;NA;1;1;1;2;0;0;1;0
4011;;BarraRioSaoDomingos;8;15;12;13;12;14;159;8;5;31;9;3;14;21;4;13;63;19;15;6;15;1;2;0;0;0;0;0;0
4028;;BarraRioSaoDomingos;8;16;11;14;10;14;159;7;3;38;9;5;14;19;4;14;72;24;16;5;NA;0;1;0;2;0;0;0;0
4027;;BarraRioSaoDomingos;7;15;11;12;10;14;162;5;4;38;9;4;14;21;7;14;70;21;16;6;NA;0;1;0;0;1;0;0;0
4012;;BarraRioSaoDomingos;7;16;12;13;12;13;NA;NA;NA;NA;NA;3;14;20;3;13;NA;23;18;6;NA;1;2;1;0;0;0;0;0
148;;Peruacu;7;17;10;13;12;14;185;9;4;29;8;3;13;19;3;13;64;22;16;6;NA;0;2;0;0;0;0;0;0
134;;Peruacu;7;16;11;13;12;14;176;NA;NA;26;9;5;14;17;2;13;70;20;16;5;NA;0;1;1;0;0;0;0;0
299;;Peruacu;8;15;11;14;12;14;165;NA;6;28;9;4;14;18;3;13;61;20;15;6;NA;0;2;0;0;0;0;0;0
223;;Peruacu;7;15;12;13;13;14;171;NA;6;27;7;3;13;16;3;14;59;21;18;6;NA;0;2;0;2;0;0;0;0
133;;Peruacu;7;15;11;14;12;13;164;8;4;32;9;4;14;21;2;12;73;21;17;5;11;0;2;0;2;0;0;0;0
293;;Peruacu;7;16;10;13;12;13;166;8;4;26;10;4;13;16;3;15;68;18;19;6;11;0;2;1;2;0;0;0;0
266;;Peruacu;7;16;10;13;12;12;160;6;4;26;10;2;14;19;3;16;64;21;19;5;NA;0;2;0;2;0;0;0;0
260;;Peruacu;7;16;10;14;11;13;166;NA;4;26;8;4;14;16;3;14;54;18;18;5;NA;0;1;1;2;0;0;0;0
204;;Peruacu;7;16;10;13;11;13;159;NA;4;27;8;5;12;18;3;15;67;22;18;7;NA;0;2;1;2;0;0;0;0
205;;Peruacu;7;16;11;14;12;13;159;7;5;28;8;4;13;18;4;14;66;20;17;6;NA;0;2;0;0;0;0;0;0
217;;Peruacu;8;17;10;13;12;14;171;10;5;27;7;5;12;16;3;15;58;19;19;4;8;0;2;0;0;0;0;0;0
263;;Peruacu;7;16;9;13;12;13;166;NA;5;28;10;4;12;17;2;14;59;19;18;6;NA;0;2;0;0;0;0;0;0
339;;Pium;7;16;9;12;9;13;193;NA;NA;39;9;4;14;20;5;12;70;22;15;NA;NA;1;1;0;0;0;0;1;NA
338;;Pium;7;13;9;10;10;12;NA;6;4;31;7;3;14;19;6;12;64;21;15;5;NA;1;1;1;0;0;0;0;0
342;;Pium;7;14;9;12;11;13;NA;NA;NA;NA;NA;4;16;19;6;11;72;20;15;NA;NA;1;1;0;2;0;0;1;NA
344;;Pium;7;14;9;12;10;13;NA;NA;3;39;9;5;14;21;5;12;64;22;15;4;NA;1;1;1;0;0;0;0;0
91509;;Peixe;7;17;10;11;10;14;175;NA;4;38;10;4;14;20;5;12;55;19;15;4;NA;1;2;0;2;0;0;0;0
91511;;Peixe;7;15;11;10;10;15;176;NA;NA;39;9;4;14;19;6;10;60;20;15;NA;NA;1;1;0;2;0;0;0;0
91510;;Peixe;7;16;11;12;10;14;184;NA;NA;43;6;3;14;16;9;11;56;21;14;5;NA;0;1;0;2;0;0;1;0
89577;;Peixe;7;13;11;12;10;13;178;NA;NA;41;10;4;14;20;6;12;49;19;17;NA;NA;0;1;1;0;0;0;0;NA
89579;;Peixe;8;15;11;12;10;13;NA;NA;NA;NA;10;4;14;20;8;14;56;21;16;NA;NA;0;1;1;0;0;0;0;NA
89578;;Peixe;7;17;9;12;10;13;186;NA;4;38;11;5;14;18;7;11;61;21;15;6;NA;0;1;0;0;0;0;0;NA
89581;;Peixe;7;15;10;11;10;11;NA;NA;NA;NA;7;2;14;20;7;12;62;18;15;NA;NA;1;1;0;2;0;0;0;NA
89580;;Peixe;7;16;11;12;10;11;187;NA;NA;39;10;5;14;17;7;13;66;21;17;NA;NA;0;1;0;0;0;0;0;NA
89576;;Peixe;8;16;10;12;10;14;165;NA;NA;42;11;4;14;20;10;12;72;21;14;6;NA;1;1;1;0;0;0;0;0
88728;;Peixe;7;17;10;12;10;12;198;NA;5;41;11;4;14;20;7;11;61;20;15;6;NA;1;1;0;2;0;0;0;0
88730;;Peixe;8;15;10;10;10;13;196;6;4;42;9;3;15;19;7;12;64;20;15;6;11;0;1;1;2;0;0;1;0
88729;;Peixe;8;15;14;12;11;14;197;NA;NA;43;6;3;14;21;7;13;59;20;14;4;NA;0;1;1;0;0;0;1;NA
88731;;Peixe;7;14;10;10;10;13;169;7;5;37;8;3;14;18;5;11;61;18;15;9;NA;0;1;1;0;0;0;1;0
96288;;Peixe;7;15;10;12;10;12;169;6;4;38;8;3;14;20;6;12;60;21;15;8;8;1;1;1;0;1;0;1;0
96286;;Peixe;7;16;10;12;9;13;170;NA;NA;37;9;3;14;16;9;12;65;16;15;8;NA;1;1;1;0;0;0;0;0
96292;;Peixe;8;15;9;12;10;13;189;6;4;44;9;4;14;19;6;11;60;18;14;6;NA;0;1;1;0;0;0;0;0
96284;;Peixe;7;16;9;10;8;13;186;7;4;35;9;4;14;20;5;13;58;18;14;6;NA;1;1;1;0;0;0;0;0
96290;;Peixe;7;16;11;11;10;12;194;7;4;36;9;4;14;20;6;11;59;19;16;7;NA;1;1;0;0;0;0;0;0
96289;;Peixe;7;16;9;12;8;12;193;NA;NA;47;10;4;14;18;7;14;69;20;16;5;NA;1;1;1;0;0;0;0;0
96291;;Peixe;7;16;11;12;10;12;165;NA;NA;40;10;3;14;18;3;13;58;22;16;NA;NA;0;1;1;0;0;0;1;NA
96285;;Peixe;7;16;9;12;10;14;194;8;5;42;8;3;14;18;6;12;66;19;15;5;13;1;1;1;0;0;0;1;0
78736;;BarradoGarcas;7;16;12;12;10;14;NA;NA;NA;36;8;4;14;19;6;13;72;21;15;NA;NA;1;1;1;2;0;0;0;NA
78735;;BarradoGarcas;7;14;11;12;10;13;NA;NA;NA;NA;8;4;14;19;4;11;NA;NA;16;NA;NA;1;1;1;2;0;0;1;NA
78732;;BarradoGarcas;8;16;8;12;9;13;NA;NA;4;NA;NA;3;13;17;5;12;60;21;16;4;NA;0;1;0;2;0;0;1;0
78733;;BarradoGarcas;7;14;10;14;10;13;NA;NA;NA;NA;NA;3;14;18;3;12;66;19;16;5;NA;0;1;1;2;0;0;1;NA
78738;;BarradoGarcas;8;15;10;12;8;13;NA;NA;4;NA;9;3;14;21;4;11;NA;22;16;6;NA;0;1;0;2;0;0;1;0
78737;;BarradoGarcas;7;15;9;11;10;13;NA;NA;NA;NA;10;5;13;NA;6;14;NA;21;16;6;NA;0;1;0;0;0;0;0;0
78734;;BarradoGarcas;8;16;10;12;10;13;178;NA;5;31;9;5;14;19;4;12;63;19;14;6;NA;1;1;0;0;0;0;1;0
1309;;Estreito;7;14;10;10;10;14;169;7;5;41;9;5;14;18;5;12;51;19;20;7;NA;1;1;1;0;0;0;0;0
2080;;Estreito;7;14;10;12;10;14;189;7;4;36;7;5;14;22;7;12;49;21;15;7;NA;1;1;1;0;0;0;1;0
1293;;Estreito;NA;NA;NA;NA;NA;NA;NA;NA;NA;NA;NA;4;14;20;NA;11;NA;20;14;NA;NA;NA;NA;NA;NA;NA;0;0;NA
1808;;Estreito;8;15;10;12;10;15;159;7;4;44;10;3;14;20;5;12;69;21;13;8;NA;1;1;0;0;0;0;1;0
1410;;Estreito;7;14;10;12;10;14;169;NA;NA;39;10;5;14;19;4;12;56;21;15;NA;NA;1;2;1;0;0;0;0;NA
1759;;Estreito;8;14;10;12;10;14;162;7;5;42;8;4;14;NA;4;13;NA;21;15;7;NA;1;2;0;0;0;0;0;0
1699;;Estreito;7;16;12;10;12;NA;NA;NA;NA;NA;NA;NA;NA;NA;3;10;NA;18;16;NA;NA;NA;NA;NA;2;0;0;1;NA
642;;Estreito;7;13;11;11;10;11;166;NA;4;1;10;5;14;18;5;11;60;20;15;7;NA;1;1;0;0;0;0;0;0
1037;;Estreito;7;15;11;10;9;11;170;6;5;33;11;5;14;17;5;10;60;19;15;7;13;0;1;1;2;0;0;0;0
1092;;Estreito;8;15;10;11;10;12;188;NA;5;41;12;4;15;19;3;12;69;23;15;7;NA;1;1;1;2;0;0;0;0
1069;;Estreito;7;15;12;12;10;12;179;NA;4;38;9;4;14;19;5;10;66;21;14;5;NA;1;1;1;2;0;0;0;0
1038;;Estreito;8;16;12;12;10;14;196;NA;NA;39;12;4;14;19;5;10;59;20;13;NA;NA;1;1;0;2;0;0;1;NA
99;;Estreito;6;15;9;12;10;13;148;NA;NA;40;7;4;12;18;3;13;61;19;16;7;NA;0;1;1;0;0;0;1;NA
13;;Estreito;7;16;11;13;12;13;162;NA;NA;44;6;2;12;21;3;13;60;21;19;NA;NA;1;2;1;2;0;0;2;NA
102;;Estreito;6;17;11;12;10;15;181;8;5;43;7;3;14;22;3;13;60;19;16;7;6;1;1;0;2;1;0;2;0
75;;Estreito;7;18;11;12;10;15;159;NA;4;44;8;4;12;21;3;13;63;20;15;7;NA;1;1;1;0;2;0;0;0
25;;Estreito;8;16;9;12;10;15;184;5;4;45;8;3;12;17;3;13;83;24;17;7;10;1;1;0;2;1;0;1;0
53;;Estreito;7;16;10;13;10;14;164;NA;NA;44;10;3;13;19;5;16;67;21;18;NA;NA;1;0;0;2;0;0;0;NA
7116;;Carolina;8;14;10;10;10;14;174;NA;NA;39;11;4;15;21;6;13;67;19;16;NA;NA;0;1;1;0;0;0;2;NA
7115;;Carolina;7;18;11;10;10;13;193;NA;NA;36;11;3;14;NA;6;12;76;20;16;NA;NA;0;1;0;0;0;0;0;NA
83033;;Cocalinho;7;13;9;11;10;16;175;6;3;40;7;2;15;20;4;12;70;20;15;6;NA;1;1;1;2;0;0;2;0
4052;;RiodasMortes;7;15;13;12;10;14;178;NA;NA;40;10;3;14;19;6;11;74;18;15;NA;NA;1;1;1;0;0;0;1;NA
4853;;RiodasMortes;7;14;13;11;11;15;209;NA;NA;39;5;2;14;20;4;12;75;22;15;NA;NA;1;2;0;0;0;0;2;NA
4053;;RiodasMortes;7;15;12;12;10;12;NA;NA;NA;NA;NA;2;14;19;5;12;66;20;14;5;NA;1;1;0;0;0;0;1;NA
4054;;RiodasMortes;8;15;10;11;10;14;181;NA;NA;38;9;3;14;19;5;11;69;19;16;7;NA;1;1;1;2;0;0;1;NA
4854;;RiodasMortes;7;15;16;12;10;14;153;NA;NA;34;9;2;13;NA;6;12;NA;22;15;NA;NA;1;1;1;0;0;0;1;NA
69370;;MonteAlegre;6;15;10;12;10;12;172;NA;NA;38;7;2;14;20;6;12;NA;19;NA;NA;NA;1;2;1;0;0;0;1;NA
80154;;NovaRoma;7;16;11;12;12;14;148;NA;NA;35;9;3;14;21;4;12;67;22;16;7;NA;0;2;1;2;0;0;0;0
77824;;Niquelandia;8;16;10;12;10;12;152;NA;NA;36;8;4;14;19;5;11;60;22;15;NA;NA;1;1;1;2;0;0;0;NA
90093;;Niquelandia;7;14;9;12;10;13;175;NA;NA;35;10;4;14;21;5;10;NA;22;16;3;NA;1;1;1;0;0;0;0;NA
90095;;Niquelandia;6;16;11;12;10;13;176;NA;NA;NA;9;3;13;18;4;11;67;NA;14;NA;NA;1;1;1;2;0;0;1;0
90094;;Niquelandia;6;14;9;11;10;10;179;NA;NA;33;7;4;14;17;4;12;58;20;16;NA;NA;1;2;0;0;0;0;0;NA
56572;;Pirenopolis;8;19;11;12;10;13;154;NA;4;31;11;2;12;19;5;15;66;21;17;7;NA;1;2;0;0;0;0;0;0
79380;;Pirenopolis;7;17;10;11;10;14;151;NA;4;26;8;5;14;18;3;12;56;20;15;4;NA;0;1;1;0;0;0;0;0
69394;;Posse;7;15;11;13;11;13;145;4;2;28;9;3;NA;20;3;11;58;21;16;4;NA;1;2;0;0;0;0;0;0
69396;;Posse;6;17;9;13;10;12;155;NA;NA;31;9;NA;NA;NA;5;12;NA;20;12;NA;NA;0;2;1;0;0;0;0;NA
69395;;Posse;8;16;10;13;10;NA;NA;NA;NA;NA;10;4;14;17;5;12;62;22;13;NA;NA;1;1;1;0;0;0;0;NA
75037;;SerraNegra;7;15;10;12;10;13;NA;6;3;NA;NA;3;NA;19;3;13;NA;20;16;5;NA;1;1;1;2;0;0;0;0
29617;;RioVerde;7;15;9;12;10;11;166;NA;NA;40;10;2;15;20;7;12;53;21;15;NA;NA;1;1;1;2;0;0;0;NA
57017;;Gurupi;7;16;9;12;10;14;172;NA;NA;45;11;5;14;20;5;11;65;17;14;NA;NA;0;1;1;0;0;0;0;NA
91187;;Ipueiras;7;16;10;11;10;15;164;NA;NA;39;8;4;14;18;7;12;54;18;17;NA;NA;0;1;1;0;0;0;0;NA
91185;;Ipueiras;8;15;9;12;8;12;160;7;4;36;9;4;14;20;9;12;48;20;15;6;13;1;2;0;2;0;0;1;0
91184;;Ipueiras;7;16;10;12;10;13;185;NA;NA;36;10;5;13;16;6;12;67;21;16;6;NA;0;1;1;2;0;0;0;0
91183;;Ipueiras;6;15;11;12;9;13;178;NA;5;38;9;2;14;18;6;12;52;21;14;4;NA;1;1;0;2;0;0;1;NA
91186;;Ipueiras;7;17;11;12;10;13;178;NA;NA;36;8;3;14;19;7;12;49;20;15;NA;NA;0;1;1;0;0;0;1;NA
87119;;Palmas;7;15;8;12;10;13;181;7;4;36;8;3;14;20;8;12;63;18;14;3;NA;1;2;1;0;0;0;1;0
87120;;Palmas;6;16;11;12;10;13;163;NA;NA;47;9;4;14;21;6;11;66;22;14;6;NA;0;1;1;0;0;0;0;0
87121;;Palmas;7;16;11;12;10;13;165;NA;4;34;9;4;14;19;6;12;75;19;15;6;NA;0;1;0;2;0;0;0;0
78244;;PortoNacional;8;17;12;11;8;14;166;NA;NA;32;9;3;14;17;7;12;65;19;15;8;NA;0;2;1;0;0;0;1;NA
4004;;CanaBrava;8;15;9;13;11;12;151;6;4;37;9;4;14;19;3;15;62;22;14;7;13;0;2;0;2;0;0;0;0
4000;;CanaBrava;7;14;9;12;10;12;NA;6;4;NA;8;2;14;17;3;12;56;21;15;6;NA;0;1;1;2;0;0;0;0
4003;;CanaBrava;8;16;11;13;12;13;161;6;4;31;10;2;14;17;5;11;56;21;16;4;11;0;2;0;0;0;0;0;0
4002;;CanaBrava;7;16;11;12;11;12;176;7;5;38;10;4;14;16;2;13;67;18;16;4;15;1;1;1;2;0;0;0;0
4001;;CanaBrava;6;15;12;13;10;12;159;5;4;33;8;2;15;18;4;14;65;21;17;4;NA;0;1;1;0;0;0;1;0
4005;;CanaBrava;7;16;10;13;12;12;169;NA;4;32;8;2;15;20;5;16;69;22;17;4;NA;1;2;0;0;0;0;0;0
67156;;Buritis;8;16;13;12;10;13;166;NA;NA;38;8;2;12;20;4;12;63;19;14;6;NA;1;1;1;2;0;0;1;0
67155;;Buritis;8;16;11;12;10;13;NA;NA;NA;NA;NA;2;12;18;6;13;61;18;15;NA;NA;1;2;0;2;0;0;1;NA
93075;;AltoParnaiba;7;16;13;11;10;13;NA;NA;NA;NA;NA;2;14;16;5;12;57;21;14;NA;NA;0;1;1;2;0;0;0;NA
3108;;Minacu;9;15;12;12;10;17;228;NA;3;37;10;5;14;23;4;12;90;20;15;7;NA;1;1;1;0;0;0;0;0
3054;;Minacu;7;14;10;14;12;14;237;5;2;28;8;4;14;24;5;12;81;21;15;7;NA;2;0;1;0;0;0;0;0
3064;;Minacu;7;14;11;13;12;16;257;NA;NA;34;8;3;14;23;6;12;74;22;16;5;NA;0;2;0;0;0;0;1;0
3101;;Minacu;7;16;10;12;10;16;188;NA;NA;33;8;5;14;19;5;11;72;19;16;NA;NA;1;1;1;0;0;0;1;0
3056;;Minacu;8;15;13;11;9;16;NA;5;3;34;9;4;14;20;6;12;NA;19;14;6;NA;1;1;1;0;0;0;0;0
3122;;Minacu;8;16;8;12;10;15;177;NA;NA;37;8;4;14;20;5;15;59;22;16;8;NA;1;2;1;0;0;0;0;0
3092;;Minacu;8;15;13;12;10;15;163;NA;NA;32;8;3;14;21;6;12;57;17;16;6;NA;1;1;1;0;0;0;1;NA
3121;;Minacu;7;16;9;12;10;14;141;NA;NA;35;9;3;14;17;4;14;59;21;15;7;NA;1;1;1;0;0;0;0;0
8035;;Minacu;8;18;11;12;10;13;172;NA;NA;35;10;3;14;19;6;12;58;20;15;NA;NA;1;1;1;0;0;0;0;NA
3028;;Minacu;8;18;11;12;10;14;161;NA;NA;NA;9;3;14;18;6;11;65;18;16;5;NA;1;1;1;0;0;0;0;0
3041;;Minacu;7;17;10;12;10;14;182;NA;NA;46;9;4;14;18;5;11;63;20;15;NA;NA;0;1;1;0;0;0;0;NA
8001;;Minacu;8;15;11;12;10;13;161;NA;NA;33;9;2;14;20;5;11;69;18;15;NA;NA;0;1;1;0;0;0;0;NA
3037;;Minacu;7;16;12;12;10;13;170;NA;NA;28;9;5;14;19;4;12;64;21;16;NA;NA;1;1;0;0;0;0;0;NA
3080;;Minacu;7;17;11;12;10;12;153;NA;NA;32;7;2;13;18;6;13;61;23;17;7;NA;1;1;1;2;0;0;1;NA
3070;;Minacu;8;16;10;11;10;14;166;NA;NA;27;10;4;NA;19;3;11;58;20;14;NA;NA;1;1;1;0;0;0;0;NA
3010;;Minacu;8;15;10;12;10;14;176;NA;NA;29;9;4;14;19;4;13;58;21;16;NA;NA;1;1;0;0;0;0;0;NA
3076;;Minacu;8;16;10;12;10;13;149;NA;NA;39;9;4;14;18;4;12;65;21;16;NA;NA;1;1;1;0;0;0;0;NA
3055;;Minacu;8;15;11;12;10;14;165;NA;NA;33;9;3;14;18;4;11;58;22;15;6;NA;1;2;0;0;0;0;0;NA
3051;;Minacu;7;17;9;12;10;15;171;NA;NA;37;8;3;14;20;6;13;60;20;15;5;NA;1;2;1;0;0;0;0;0
3035;;Minacu;8;15;10;10;10;14;185;NA;NA;32;12;4;14;19;4;11;60;19;15;6;NA;1;1;0;0;0;0;0;0
3021;;Minacu;9;15;8;12;10;14;157;NA;NA;36;8;5;14;19;5;12;55;18;15;NA;NA;0;1;1;0;0;0;0;NA
3120;;Minacu;8;13;9;12;10;13;165;NA;NA;26;8;5;14;21;3;12;53;19;16;NA;NA;1;1;0;0;0;0;0;NA
3087;;Minacu;9;15;10;11;10;13;156;NA;NA;33;9;2;14;21;7;12;62;21;14;7;NA;0;1;1;0;0;0;1;0
3126;;Minacu;8;14;11;12;10;14;167;6;4;31;8;4;14;19;3;11;56;20;16;5;NA;1;1;1;0;1;0;0;0
3025;;Minacu;7;15;11;11;10;13;166;5;3;27;8;2;14;20;5;11;64;20;15;4;NA;1;1;1;0;1;0;0;0
3045;;Minacu;7;17;11;12;12;12;158;NA;NA;36;8;4;14;NA;3;13;55;22;16;8;10;1;1;1;2;0;0;0;0
3044;;Minacu;7;16;9;12;10;12;186;4;3;36;9;2;14;19;5;12;55;19;16;6;NA;1;1;0;0;1;0;0;0
3022;;Minacu;8;15;11;11;10;13;183;6;3;31;6;2;14;17;5;12;61;20;16;4;NA;0;1;1;0;0;0;1;0
3117;;Minacu;8;15;10;10;10;15;158;5;4;34;12;NA;NA;NA;6;12;55;20;15;4;NA;0;1;1;2;1;0;0;0
3124;;Minacu;8;14;11;12;10;14;171;NA;4;29;10;3;14;19;4;12;54;18;16;6;NA;1;1;1;2;0;0;1;0
3065;;Minacu;8;16;10;13;10;15;161;NA;NA;35;10;4;14;18;4;11;55;21;14;5;NA;1;1;1;0;0;0;0;NA
3030;;Minacu;7;15;9;11;10;13;168;NA;NA;32;8;3;14;20;5;11;58;20;16;NA;NA;0;1;1;0;0;0;1;NA
3031;;Minacu;7;15;11;11;10;13;166;NA;3;30;7;3;14;19;4;11;60;19;20;NA;NA;0;1;1;0;0;0;1;0
3103;;Minacu;8;16;11;12;10;16;187;NA;NA;38;9;2;14;18;3;12;63;19;14;NA;NA;1;2;0;0;0;0;0;NA
3097;;Minacu;7;14;9;12;10;14;176;NA;NA;31;8;2;14;19;5;12;64;21;14;4;NA;0;1;1;0;0;0;0;0
3067;;Minacu;7;16;12;12;10;15;NA;NA;NA;30;9;2;14;18;5;12;61;19;15;5;NA;1;1;1;0;0;0;0;NA
3017;;Minacu;7;16;11;12;10;14;168;NA;NA;31;8;2;14;19;4;12;62;19;15;NA;NA;1;1;1;0;0;0;0;NA
3018;;Minacu;7;15;10;12;10;14;175;4;3;29;8;2;14;18;4;13;59;20;16;6;NA;1;1;0;0;0;0;0;0
3079;;Minacu;8;14;10;12;10;15;164;4;1;NA;NA;2;14;19;5;12;58;19;16;6;NA;1;2;0;0;0;0;1;0
3102;;Minacu;7;16;9;12;10;15;172;NA;NA;29;11;4;14;18;5;12;62;20;14;4;NA;0;1;1;0;0;0;1;0
3019;;Minacu;8;17;11;13;10;15;149;NA;NA;31;7;2;16;19;5;10;57;21;15;NA;NA;0;1;0;0;0;0;2;NA
3093;;Minacu;8;17;11;12;10;15;175;NA;NA;29;7;2;12;19;5;12;63;21;16;5;NA;0;2;0;0;0;0;1;0
3026;;Minacu;8;17;10;12;10;14;NA;3;2;NA;7;NA;NA;18;4;12;52;18;15;NA;NA;1;2;1;0;0;0;0;0
3089;;Minacu;8;16;9;12;10;15;164;3;2;28;7;2;14;21;5;12;59;20;16;5;NA;1;1;1;0;0;0;2;0
3115;;Minacu;7;18;10;12;10;15;174;NA;2;30;9;2;14;21;3;12;65;21;15;5;NA;1;2;0;2;1;0;0;0
3011;;Minacu;7;16;11;12;10;16;173;NA;4;31;11;2;14;20;6;12;66;21;15;5;NA;0;1;1;0;0;0;0;0
3111;;Minacu;7;15;9;12;10;15;184;4;3;31;8;3;13;20;4;13;61;21;16;7;NA;0;1;1;0;0;0;0;0
8005;;Minacu;9;16;10;12;10;16;170;4;2;NA;NA;3;14;19;6;11;65;21;15;4;NA;1;1;1;0;0;0;0;0
3083;;Minacu;9;16;11;12;10;15;178;NA;NA;31;8;2;14;20;3;11;65;19;16;NA;NA;0;1;1;2;0;0;1;NA
3118;;Minacu;7;15;9;12;10;15;182;6;3;29;9;3;14;21;6;13;72;19;16;5;NA;1;1;1;0;0;0;0;0
3106;;Minacu;7;16;10;12;10;16;176;NA;NA;35;10;2;14;21;6;11;61;21;16;4;NA;1;2;0;2;0;0;0;0
8002;;Minacu;7;14;10;12;11;14;167;6;5;30;8;3;13;19;5;13;67;21;15;5;NA;1;2;0;2;0;0;0;0
3131;;Minacu;8;16;11;12;11;14;183;NA;2;35;9;4;14;21;5;13;63;20;15;5;NA;0;1;1;0;0;0;0;0
3099;;Minacu;7;15;9;12;11;15;184;NA;4;35;10;4;14;20;3;13;57;21;16;7;NA;1;1;1;0;0;0;0;0
3009;;Minacu;6;16;11;12;11;16;159;5;3;27;8;2;13;21;4;11;61;21;12;4;NA;1;1;1;0;0;0;0;0
3128;;Minacu;7;14;10;12;10;15;156;NA;3;41;10;4;15;19;6;11;67;20;15;5;NA;0;1;1;0;0;0;0;0
3047;;Minacu;7;14;12;12;10;16;NA;NA;NA;NA;NA;4;NA;20;8;11;61;21;14;NA;NA;1;1;1;0;0;0;0;NA
3133;;Minacu;8;16;10;12;8;14;168;NA;NA;35;8;2;12;19;8;11;68;21;14;NA;NA;1;1;0;0;0;0;1;0
3024;;Minacu;7;15;9;12;10;15;176;6;3;31;8;3;14;20;3;12;74;19;16;4;13;0;1;1;0;0;0;1;0
3107;;Minacu;7;14;8;14;10;14;171;NA;3;28;7;4;15;21;5;12;78;21;16;5;NA;0;1;1;2;0;0;1;0
3020;;Minacu;8;16;9;13;10;16;165;NA;3;34;10;4;14;21;5;12;76;19;16;4;NA;1;1;1;0;0;0;0;0
3016;;Minacu;8;16;12;11;10;15;189;7;4;40;9;4;14;19;5;12;74;19;16;5;NA;1;1;0;0;0;0;1;0
3094;;Minacu;7;15;10;11;10;16;176;NA;NA;27;8;4;14;19;5;11;66;18;16;NA;NA;1;1;1;0;0;0;0;NA
3012;;Minacu;7;16;11;13;10;15;178;NA;4;39;8;3;14;18;4;12;68;20;16;6;NA;0;1;0;0;0;0;1;0
3057;;Minacu;7;15;10;12;10;16;182;6;4;43;9;3;15;18;5;11;63;18;15;4;NA;1;1;1;0;0;0;0;0
3116;;Minacu;8;14;8;12;10;13;183;NA;NA;36;10;4;14;21;4;12;61;22;15;NA;NA;0;1;0;0;0;0;0;0
3085;;Minacu;8;15;11;12;10;13;174;NA;NA;36;8;2;14;19;7;11;67;19;14;NA;NA;0;1;1;0;0;0;1;NA
3059;;Minacu;7;16;10;14;12;15;NA;NA;NA;NA;NA;4;NA;21;3;12;64;19;17;6;NA;0;2;0;0;0;0;0;0
3053;;Minacu;8;16;11;12;10;13;173;NA;3;34;8;5;14;19;4;11;64;19;15;7;NA;1;1;1;0;0;0;0;0
3048;;Minacu;8;16;10;12;10;15;NA;NA;NA;NA;NA;2;12;NA;6;12;63;21;14;NA;NA;0;1;1;0;0;0;0;NA
3061;;Minacu;8;16;9;12;10;14;NA;NA;NA;NA;NA;2;15;20;7;12;62;20;15;NA;NA;0;0;1;0;0;0;0;NA
3091;;Minacu;8;15;10;13;10;12;172;NA;3;37;9;4;14;21;7;12;60;20;15;5;NA;0;1;1;0;0;0;0;0
3029;;Minacu;7;16;9;12;10;14;196;NA;4;28;8;3;14;19;5;12;61;20;15;4;NA;0;1;1;0;0;0;1;0
3074;;Minacu;8;15;10;13;10;13;189;6;3;38;7;2;14;20;5;12;NA;20;15;4;NA;0;1;1;0;0;0;1;0
3066;;Minacu;7;14;10;12;10;14;184;NA;NA;32;9;2;14;21;5;11;60;21;15;NA;NA;0;1;1;0;0;0;1;NA
3084;;Minacu;7;13;9;13;10;12;187;NA;3;36;8;3;15;20;7;12;70;20;15;7;NA;0;1;1;0;0;0;1;0
3081;;Minacu;7;14;11;13;11;17;208;4;3;33;9;4;14;19;3;14;72;19;17;4;NA;1;2;0;0;0;0;0;0
3123;;Minacu;8;17;10;12;10;13;206;4;2;30;8;2;13;21;6;11;71;19;14;7;NA;0;1;1;0;0;0;0;0
3125;;Minacu;7;17;9;12;10;15;199;NA;4;33;10;2;14;21;4;13;76;21;15;5;NA;1;1;1;0;0;0;0;0
3062;;Minacu;8;14;10;12;11;11;211;NA;NA;32;9;2;14;21;5;12;68;20;14;NA;NA;0;1;1;0;0;0;0;NA
3015;;Minacu;8;16;10;12;11;15;179;5;4;31;9;2;14;19;4;14;65;19;15;5;NA;1;2;1;0;0;0;0;0
3027;;Minacu;7;16;10;12;10;14;206;5;4;27;9;2;14;20;3;14;76;20;15;7;NA;1;1;1;2;0;0;0;0
3073;;Minacu;6;15;10;11;9;15;180;4;2;31;8;3;13;19;5;12;64;19;16;7;NA;1;1;1;2;0;0;0;0
8003;;Minacu;8;17;11;13;12;15;185;5;3;32;7;3;14;18;6;12;70;21;15;6;NA;1;2;1;0;0;0;0;0
3046;;Minacu;7;16;10;12;10;13;184;NA;NA;29;9;2;12;19;2;11;70;19;14;6;NA;2;1;1;0;0;0;0;0
3038;;Minacu;8;16;10;12;10;15;NA;3;2;NA;NA;NA;14;20;4;11;68;20;14;7;NA;2;1;1;0;0;0;0;0
8004;;Minacu;8;14;10;12;10;16;192;NA;NA;33;9;3;14;20;5;11;69;21;15;NA;NA;1;1;1;0;0;0;0;0
3075;;Minacu;7;15;11;16;12;17;189;4;3;30;9;2;14;NA;5;12;NA;20;16;5;NA;0;1;1;2;0;0;1;0
3049;;Minacu;7;17;11;12;10;16;192;NA;4;37;12;4;16;20;3;11;60;19;15;5;NA;1;1;1;0;0;0;1;0
3069;;Minacu;7;16;10;12;9;14;178;NA;NA;32;6;2;14;22;6;NA;65;18;15;NA;NA;0;1;1;0;0;0;1;NA
3072;;Minacu;8;17;11;12;10;16;181;4;2;34;7;3;14;21;5;12;65;19;15;5;NA;0;1;1;0;0;0;1;0
3043;;Minacu;7;16;10;13;10;15;171;NA;3;36;10;2;14;21;5;11;63;19;15;4;NA;0;1;0;0;0;0;0;0
3096;;Minacu;7;13;11;12;9;14;169;NA;3;32;9;3;13;22;5;12;63;21;16;6;NA;1;1;1;0;0;0;0;0
3090;;Minacu;8;17;11;14;12;16;177;NA;NA;30;6;3;14;21;6;13;58;18;16;NA;NA;1;1;1;0;0;0;1;NA
3109;;Minacu;8;17;11;12;10;15;192;NA;NA;36;10;2;14;20;4;12;63;19;14;NA;NA;1;1;1;0;0;0;0;NA
3113;;Minacu;8;16;9;11;10;13;NA;NA;NA;NA;NA;2;14;18;4;12;65;19;14;5;NA;0;1;1;0;0;0;1;0
3014;;Minacu;8;15;10;14;11;14;164;NA;NA;34;9;3;14;20;6;11;57;19;14;NA;NA;0;1;1;0;0;0;0;NA
3039;;Minacu;8;16;12;11;11;14;179;NA;NA;31;9;3;14;20;5;11;66;19;14;NA;NA;0;1;1;0;0;0;0;NA
3050;;Minacu;8;14;10;11;10;14;176;NA;3;33;8;3;14;21;5;11;63;20;15;4;NA;1;1;1;0;0;0;0;0
8006;;Minacu;8;17;11;11;10;15;234;4;4;36;10;4;14;24;3;14;71;20;15;7;NA;0;1;1;2;1;0;0;0
8042;;Minacu;9;15;10;12;10;13;219;NA;3;29;10;2;14;19;3;12;66;22;15;7;NA;0;1;1;0;0;0;0;0
8050;;Minacu;7;17;10;12;10;14;NA;3;2;NA;NA;4;14;19;5;12;67;20;15;6;NA;0;1;1;0;0;0;0;0
8010;;Minacu;8;17;10;12;12;14;193;NA;NA;NA;NA;3;14;20;3;13;64;20;14;NA;NA;1;1;1;0;0;0;0;NA
8024;;Minacu;8;15;10;12;10;14;199;4;3;32;8;2;14;19;4;12;63;19;15;7;11;0;1;1;0;0;0;0;0
8036;;Minacu;8;15;10;11;10;15;181;NA;NA;33;13;4;14;18;7;11;66;20;14;NA;NA;1;2;0;0;0;0;0;NA
8020;;Minacu;8;13;11;12;10;14;193;NA;NA;34;8;4;14;21;4;12;62;19;15;6;NA;0;1;1;0;0;0;0;0
8017;;Minacu;8;16;9;13;10;14;NA;NA;NA;NA;NA;NA;14;20;5;10;60;18;14;NA;NA;0;1;1;0;0;0;1;NA
8019;;Minacu;7;13;9;11;10;16;170;NA;4;33;9;3;13;19;4;12;NA;21;14;6;NA;1;1;1;2;0;0;0;0
8052;;Minacu;8;15;11;10;11;14;180;NA;NA;32;8;2;14;19;4;12;56;19;14;5;NA;0;1;1;0;0;0;1;0
8012;;Minacu;8;15;12;11;10;13;198;4;3;31;7;3;14;20;6;12;65;20;15;6;NA;0;1;1;0;0;0;0;0
8007;;Minacu;8;16;10;11;10;13;201;NA;4;37;10;3;14;20;4;11;60;21;15;4;NA;0;1;1;0;0;0;0;0
8013;;Minacu;8;13;11;11;10;13;184;NA;3;28;7;2;14;22;7;13;57;17;14;5;NA;1;2;0;0;0;0;0;0
8058;;Minacu;8;16;10;12;12;14;178;5;2;30;9;3;14;21;5;11;64;20;14;6;11;0;1;1;0;0;0;0;0
8021;;Minacu;7;15;10;11;10;15;222;4;3;36;9;4;15;19;3;12;68;18;16;7;NA;0;2;1;2;0;0;0;0
8029;;Minacu;8;15;10;14;10;15;182;NA;2;37;7;2;14;19;5;12;77;21;15;4;NA;0;1;0;2;0;0;1;0
8016;;Minacu;8;16;11;12;10;15;242;NA;4;32;9;3;13;19;3;12;62;20;15;5;NA;0;1;1;0;0;0;0;0
8009;;Minacu;8;15;9;12;10;14;199;5;4;32;10;4;14;20;4;12;59;19;15;7;NA;0;1;1;2;0;0;1;0
8046;;Minacu;8;15;11;14;10;14;198;NA;NA;35;8;4;14;19;5;12;67;19;15;NA;NA;1;1;1;0;1;0;0;0
8015;;Minacu;8;16;10;11;10;14;193;NA;NA;35;10;3;14;20;8;11;67;18;15;NA;NA;0;1;1;0;1;0;0;NA
8043;;Minacu;7;14;10;12;10;12;198;NA;NA;27;9;NA;NA;19;3;13;60;19;14;4;NA;0;1;0;0;0;0;1;NA
8056;;Minacu;7;14;11;11;10;14;189;6;3;33;11;3;14;NA;7;12;61;19;15;8;12;0;1;1;0;0;0;0;0
53160;;Minacu;7;14;11;12;10;15;184;NA;NA;37;10;3;14;19;5;13;67;19;15;6;NA;0;1;1;0;0;0;0;0
8014;;Minacu;7;15;12;12;10;15;195;NA;NA;28;9;2;14;20;6;13;66;18;15;NA;NA;1;2;0;0;0;0;1;NA
8011;;Minacu;7;15;9;12;10;13;197;NA;NA;37;6;2;14;20;5;13;73;20;16;6;NA;0;0;1;0;0;0;1;NA
8047;;Minacu;8;14;9;12;10;15;215;5;3;30;8;2;14;20;5;13;67;19;15;7;NA;0;1;1;0;0;0;1;0
8023;;Minacu;7;15;11;12;10;15;199;5;3;35;8;2;14;20;5;12;63;19;15;8;15;0;2;1;0;0;0;1;0
8018;;Minacu;8;16;11;12;10;14;184;4;2;30;6;2;14;20;4;12;78;19;16;9;NA;1;1;1;0;0;0;1;0
8045;;Minacu;8;16;9;12;10;16;204;NA;NA;31;10;3;12;19;3;12;78;20;16;NA;NA;1;2;0;0;0;0;1;NA
8034;;Minacu;9;16;12;13;12;14;212;NA;NA;28;8;3;14;19;6;12;91;19;14;6;NA;0;1;0;2;0;0;1;0
8028;;Minacu;7;15;10;12;12;14;201;NA;NA;34;9;3;14;19;4;12;67;19;15;NA;NA;0;1;0;0;0;0;0;NA
8026;;Minacu;8;15;11;12;10;13;189;NA;NA;30;7;2;12;20;3;12;65;20;16;5;NA;1;1;1;0;0;0;0;NA
8051;;Minacu;7;15;10;12;10;14;206;NA;2;32;8;2;12;18;4;12;64;19;15;6;NA;1;1;1;0;0;0;1;0
3086;;Minacu;9;18;10;12;10;14;205;5;2;29;8;2;14;20;5;12;66;19;15;5;NA;0;1;1;0;0;0;0;NA
8025;;Minacu;8;17;10;12;10;14;181;NA;NA;38;10;5;16;19;6;12;70;19;14;NA;NA;0;1;0;2;0;0;0;NA
8044;;Minacu;7;14;9;12;10;15;245;4;4;40;7;4;14;21;6;13;77;20;16;10;NA;0;1;1;0;0;0;1;0
8033;;Minacu;9;16;11;12;10;14;204;7;4;35;8;2;14;19;3;12;61;21;15;5;NA;0;1;0;0;0;0;0;0
8040;;Minacu;9;16;10;12;10;16;191;NA;NA;26;9;3;14;18;5;12;62;19;15;5;NA;0;1;1;0;0;0;0;0
8048;;Minacu;8;15;11;14;10;13;204;4;3;30;9;4;NA;NA;4;11;69;18;14;6;NA;0;1;1;0;0;0;0;0
9498;;Minacu;7;16;12;12;10;15;184;3;2;31;10;4;12;19;5;13;59;19;16;6;NA;0;2;0;0;0;0;0;0
3023;;Minacu;7;15;12;12;10;14;182;NA;NA;30;7;2;14;18;4;12;61;19;14;5;NA;1;2;1;0;0;0;1;0
8032;;Minacu;7;16;9;14;10;13;199;NA;3;30;5;2;14;18;4;12;67;20;15;6;NA;1;2;1;0;0;0;1;0
3032;;Minacu;7;14;11;12;10;14;225;7;4;40;10;4;15;19;6;12;74;19;15;6;NA;0;1;1;0;0;0;0;0
3088;;Minacu;7;15;11;12;10;16;229;NA;NA;37;10;4;14;18;5;14;70;20;15;NA;NA;1;1;1;0;0;0;0;0
3129;;Minacu;8;18;12;13;11;14;223;NA;NA;31;8;2;14;20;4;12;77;21;15;NA;NA;0;1;1;0;0;0;1;NA
8054;;Minacu;7;15;9;12;10;14;212;NA;NA;29;8;2;14;19;2;12;71;20;16;NA;NA;0;1;1;0;0;0;1;NA
8053;;Minacu;7;16;12;12;10;15;221;NA;NA;32;8;2;14;21;2;11;71;21;14;7;NA;0;1;1;0;0;0;1;NA
8059;;Minacu;9;15;10;12;10;15;NA;6;4;NA;NA;3;16;NA;6;11;NA;19;15;NA;NA;0;1;1;0;0;0;0;0
3013;;Minacu;9;17;10;12;10;15;206;6;3;26;9;3;14;20;4;12;69;21;15;5;11;0;1;1;0;0;0;0;0
8041;;Minacu;8;15;10;14;12;13;199;NA;2;31;8;2;14;21;7;12;70;21;14;4;NA;0;1;1;0;0;0;1;0
8030;;Minacu;8;16;10;13;10;14;NA;4;3;NA;NA;2;NA;NA;4;13;81;19;16;5;NA;0;1;1;2;0;0;1;0
3060;;Minacu;7;16;11;12;10;15;214;NA;NA;34;11;2;13;20;4;13;69;18;16;NA;NA;1;2;1;0;0;0;1;NA
8055;;Minacu;9;17;10;14;12;14;212;3;1;24;8;3;14;21;3;14;84;20;16;6;NA;1;1;0;0;0;0;1;0
3033;;Minacu;7;14;9;13;10;13;210;NA;NA;39;9;3;15;19;7;12;65;18;15;NA;NA;0;1;1;0;0;0;0;NA
3098;;Minacu;7;15;12;12;11;13;197;NA;NA;35;9;4;14;19;3;12;66;19;14;NA;NA;0;1;0;0;0;0;0;NA
3095;;Minacu;7;16;10;12;10;15;195;NA;3;NA;8;2;14;20;7;11;65;18;15;5;NA;0;1;1;0;0;0;1;0
8057;;Minacu;8;15;10;12;10;15;216;5;2;34;8;4;14;20;4;13;74;18;15;6;NA;1;1;1;0;0;0;0;0
8049;;Minacu;8;16;10;12;11;15;191;NA;NA;26;10;2;14;18;4;12;66;20;14;4;NA;1;1;1;0;0;0;0;NA
3132;;Minacu;7;13;10;12;10;13;197;5;3;35;10;2;15;21;6;12;74;18;16;5;NA;1;0;1;0;0;0;0;0
8027;;Minacu;8;18;10;12;10;15;217;NA;NA;29;9;3;14;21;7;13;67;19;16;NA;NA;1;2;0;2;0;0;0;NA
3036;;Minacu;8;15;10;12;10;13;184;NA;NA;23;8;2;14;21;4;13;69;19;16;NA;NA;1;2;0;0;0;0;1;NA
3078;;Minacu;8;16;11;12;10;15;216;NA;NA;34;10;2;14;21;4;11;69;18;15;5;NA;1;1;1;0;0;0;0;0
8022;;Minacu;7;15;10;12;8;13;180;6;4;33;7;4;14;19;3;13;69;19;17;7;NA;0;1;1;0;0;0;0;0
8008;;Minacu;7;17;11;12;10;14;177;6;4;30;8;2;14;21;5;11;64;18;15;5;NA;0;1;1;0;0;0;1;0
3100;;Minacu;8;14;11;12;10;15;194;4;4;30;9;3;14;20;4;12;64;19;16;5;NA;0;1;1;0;0;0;0;0
3127;;Minacu;8;15;10;12;10;14;187;NA;NA;29;9;2;14;21;5;13;68;20;16;NA;NA;1;1;1;0;0;0;0;NA
3075;;Minacu;8;16;10;13;10;14;NA;4;4;NA;10;4;14;19;4;11;61;19;15;5;14;0;1;1;2;1;0;0;0
3042;;Minacu;8;15;9;12;10;14;162;NA;NA;NA;10;NA;NA;NA;4;13;64;18;16;6;NA;1;1;1;0;0;0;0;0
3130;;Minacu;7;17;10;12;10;14;155;NA;NA;31;9;4;14;18;6;12;52;20;14;4;NA;0;1;1;2;0;0;0;0
3034;;Minacu;8;17;11;12;10;14;147;NA;NA;28;9;4;14;18;3;11;58;22;13;5;NA;0;1;1;0;0;0;1;0
3105;;Minacu;8;15;10;11;10;14;161;NA;3;31;9;4;14;19;2;12;NA;18;14;6;NA;1;1;1;0;0;0;0;0
3119;;Minacu;7;15;9;12;10;14;146;5;3;34;9;5;15;18;5;12;56;19;17;7;NA;1;1;1;2;1;0;0;0
3082;;Minacu;8;16;9;12;10;15;147;NA;NA;32;10;5;14;21;4;11;54;19;15;NA;NA;1;1;0;2;0;0;0;0
3068;;Minacu;8;16;11;12;11;15;154;NA;3;31;9;3;14;20;6;12;59;20;16;7;NA;1;2;1;0;0;0;0;0
3052;;Minacu;8;15;9;10;8;13;NA;NA;NA;NA;8;3;14;NA;4;12;NA;20;14;NA;NA;1;1;1;0;0;0;1;NA
3058;;Minacu;6;16;12;12;10;13;147;NA;NA;38;9;5;14;18;4;11;51;18;15;5;NA;0;1;0;2;0;0;0;0
3112;;Minacu;7;14;10;12;10;14;145;NA;NA;31;9;4;14;NA;3;12;NA;20;15;5;NA;0;1;1;2;0;0;0;0
3040;;Minacu;7;16;9;12;10;13;145;NA;NA;29;9;5;13;18;5;12;56;19;16;NA;NA;0;1;1;0;0;0;0;NA
3110;;Minacu;7;17;11;10;9;13;154;5;3;30;7;2;14;16;4;12;63;21;16;5;NA;1;1;1;0;0;0;2;1
3104;;Minacu;7;15;10;12;11;13;147;NA;NA;36;9;2;14;18;4;12;58;21;17;NA;NA;0;1;1;0;0;0;0;NA
3063;;Minacu;7;14;9;12;10;12;161;6;4;31;7;2;13;19;5;12;58;18;15;4;NA;1;1;1;0;0;0;0;0
3114;;Minacu;7;11;10;11;10;12;157;4;3;33;7;4;14;18;3;11;60;21;14;4;NA;0;1;1;0;0;0;0;0
3071;;Minacu;7;15;9;12;10;12;166;NA;4;36;8;3;14;17;4;12;55;19;14;3;NA;0;1;1;2;0;0;0;0
55880;;NovaXavantina;8;15;11;12;10;14;190;6;4;38;9;3;14;19;3;11;70;22;14;9;12;1;0;1;0;0;0;0;0
55883;;NovaXavantina;7;16;11;12;9;11;195;NA;NA;44;8;3;11;17;5;11;65;20;15;NA;NA;1;1;1;2;0;0;1;NA
55886;;NovaXavantina;7;13;9;12;11;14;196;NA;NA;36;8;3;12;16;5;12;61;22;14;NA;NA;1;1;0;0;0;0;1;NA
55882;;NovaXavantina;7;13;12;12;10;15;198;NA;NA;42;8;3;14;16;6;11;60;21;14;NA;NA;0;1;1;2;0;0;0;NA
55881;;NovaXavantina;8;16;10;12;10;13;176;NA;NA;35;7;3;14;17;5;12;60;21;15;5;NA;1;0;0;0;0;0;1;NA
55888;;NovaXavantina;8;15;13;10;10;14;189;NA;NA;35;9;5;14;20;7;12;72;19;14;5;NA;1;1;1;0;0;0;0;0
55889;;NovaXavantina;8;14;12;11;10;15;181;6;5;39;5;3;14;18;5;12;69;20;14;5;NA;1;1;0;0;0;0;2;NA
55884;;NovaXavantina;8;15;9;11;10;14;225;8;4;36;10;4;13;20;5;12;61;22;15;7;NA;1;1;1;0;0;0;1;0
55890;;NovaXavantina;8;15;10;11;10;15;201;9;4;40;10;4;14;17;3;12;66;21;15;7;NA;1;1;0;2;0;0;1;0
55887;;NovaXavantina;8;15;12;11;10;15;194;6;4;38;9;3;14;18;4;13;66;22;16;5;NA;1;1;1;0;0;0;1;0
55885;;NovaXavantina;8;14;12;12;10;14;222;NA;5;36;10;4;14;17;6;11;62;22;13;5;NA;1;1;1;0;0;0;1;0
53291;;Cavalcante;7;17;11;12;10;15;197;6;4;44;10;4;14;18;5;12;67;18;14;4;NA;0;1;0;0;0;0;0;0
53292;;Cavalcante;8;13;9;10;10;16;194;8;5;43;12;5;14;18;7;12;76;19;16;6;13;0;1;1;2;1;0;0;0
53293;;Cavalcante;7;14;10;10;10;15;193;NA;NA;44;14;4;14;16;5;12;71;19;13;5;NA;0;1;0;2;0;0;0;0
53294;;Cavalcante;8;16;10;10;9;15;186;7;4;44;12;5;14;19;7;13;76;20;15;4;NA;1;2;1;2;1;0;0;0
53290;;Cavalcante;7;16;9;10;8;15;193;8;4;38;11;5;13;19;6;12;72;20;16;5;NA;0;1;0;0;0;0;0;0
